isim;id;popularite
Diego Maradona;42080753;92.0
Thierry Henry;2002042186;84.0
Andrés Iniesta;2002041699;83.0
Zico;13139114;76.0
Fabián Ruiz;2000143623;55.75
Fermín López;2000202313;55.45
Diego León;80032122;55.3
Amir Ibragimov;2002042248;55.15
Mark Wright;5120092;49.3
Patrik Andersson;2000176650;44.73
Luis Henrique;19379379;44.45
Luis Enrique;67132958;44.14
Rigobert Song;47075019;43.7
Paul Walsh;1903109;42.76
Tom Cooper;29127080;41.52
Gallego;67248189;41.37
Jack Cox;252899;41.37
Pau Vidal;2000182490;41.37
Suat Kaya;70109080;39.3
Hugh Kerr;2000164469;38.52
Adam Carson;52006197;38.45
Ray Kelly;52072820;38.3
Will Davidson;2000117484;38.22
William Dunn;23161488;38.15
Sean Evans;2000047638;38.15
Gordon Clark;61094444;38.15
Luca Rigoni;43215023;35.05
İbrahim Sürgülü;70087944;35.0
John Victor;2000153572;34.9
Luka Vušković;2002042240;34.9
Conor McLaughlin;61077711;34.75
Danilo D'Ambrosio;1414241;34.75
Dara O'Shea;28106528;34.75
Matt O'Riley;29186052;34.75
Luke O'Nien;29084738;34.6
Salem M'Bakata;48037823;34.6
Abdoul Koné;85079695;34.45
Charalampos Kostoulas;2002042312;34.45
Franco Mastantuono;2002042185;34.45
Francesco Toldo;2000192114;34.4
Jorge Andrade;2000166687;34.1
Luís Figo;83279548;34.1
Marcelo Salas;77063652;34.1
Ciro Ferrara;43460436;33.28
Fernando Redondo;67230612;33.14
Antonio Conte;43339274;32.84
İbrahim Kaya;70137170;31.9
Luca Bucci;43216850;31.85
Andrés Cuenca;2002042212;31.6
Mattia Liberali;2002042219;31.6
Sam Mather;2000125551;31.6
Daniel Cummings;2000189651;31.45
Francesco Camarda;2002042151;31.45
J'Neil Bennett;28122832;31.45
Jakub Zieliński;2000073200;31.45
Karamba Gassama;2000221402;31.45
Konan N'Dri;12078951;31.45
Mikail Başar;70132183;31.45
Steve Clarke;81036546;31.43
Borja Cortina;2002042253;31.3
David Otorbi;2002042305;31.3
Iván Medina;2002057357;31.3
Kareem Tunde;2000161876;31.3
Ryan Rodin;2000183496;31.3
Mansur Çalar;70024335;30.6
David Jack;2000143900;30.52
Billy Williams;2000114388;30.37
Giovanni Gallina;43410849;30.37
Yunus Musah;28129089;30.15
Matteo Brighi;43592231;29.5
Stuart Taylor;61069965;29.5
Roberto Colombo;43384002;29.35
Luca Castellazzi;43611728;29.2
Emiliano Moretti;43272405;29.05
Ramazan Özcan;70104092;28.75
Wilson Palacios;76022277;28.75
Andy Walker;126849;28.64
Paolo Rossi;43118392;28.6
Paul Robinson;29196337;28.3
Thomas Kessler;16127901;28.3
Harry Ford;29235844;27.52
Edoardo Braiati;3802260;27.15
Michele Rosa;837963;27.15
Stefano Pellizzari;43141714;27.15
Stefano Turco;2000104666;27.15
Louis Wagner;2000160866;27.15
Luigi Andreoli;43079427;27.15
Carlo Bianchi;43390139;27.15
Luigi Bianchi;3803739;27.15
Andrew Williams;5123486;27.15
Houcine Rabii;13208615;27.15
Mattia El Hilali;43190476;27.15
Luca Buongiorno;43153054;27.15
Emir Murati;43295120;27.15
Javi Guerrero;67124168;26.4
Marco Rigoni;43162563;26.25
Mark Kennedy;2000131492;26.25
Martin Petrov;47022776;26.1
Aleksandre Guruli;8440209;26.0
Alessandro Carrozza;43317671;26.0
Andy Keogh;29089583;26.0
Anthony Edgar;28019718;26.0
Carlos Alcántara;1503798;26.0
Chris O'Grady;5112607;26.0
Derek Asamoah;5107243;26.0
Dino Marino;837287;26.0
Ezechiel N'Douassel;12008173;26.0
Joel Griffiths;2000107574;26.0
Lewis Dark;5132477;26.0
Luke O'Neill;28016129;26.0
Michele Franco;43059729;26.0
Pape M'Bow;85011636;26.0
Raïs M'Bolhi;8430841;26.0
Rohan Ricketts;5101867;26.0
Roy O'Donovan;5112229;26.0
Scott McDonald;90047475;26.0
Serhiy Shapoval;71019610;26.0
Tyrone Berry;5113518;26.0
Adam Priestley;90019005;25.95
Aiden O'Brien;28058614;25.95
Alessandro Parisi;43003655;25.95
Billy Clarke;2000117631;25.95
César Sánchez;2000124834;25.95
Gerard López;2000123265;25.95
Hernán Crespo;2000087742;25.95
Jan Budtz;928960;25.95
Karle Carder-Andrews;5132476;25.95
Marco D'Alessandro;43013928;25.95
Tom Ince;5113467;25.95
Tony Stokes;5123216;25.95
Alan Sheehan;15081046;25.8
Alfred N'Diaye;34009062;25.8
Andreas Mayer;16059795;25.8
Besart Berisha;2000174214;25.8
Jason Pusey;36510246;25.8
Kieran O'Hara;28068193;25.8
Luke Steele;36532804;25.8
Youssouf M'Changama;85059267;25.8
Fatih Aydın;70101718;25.65
Jacobo González;2000136000;25.65
James Demetriou;15046063;25.65
Román Martínez;2000034860;25.65
Scott Fitzgerald;53138921;25.65
Sessi D'Almeida;85134635;25.65
Zahir Zerdab;8441135;25.65
Ali M'Madi;85070066;25.5
Emre Can Coşkun;70091159;25.5
Ismael Falcón;2002042760;25.5
Josh O'Hanlon;52063575;25.5
Marco Ferrante;43425103;25.5
Matt Hill;95032325;25.5
Monty Patterson;29121693;25.5
Nicolò De Cesare;43008777;25.5
Stuart O'Keefe;29024303;25.5
Andrea D'Errico;43061090;25.35
Benjamin Mendy;2002042751;25.35
Bongani Khumalo;65013553;25.35
Carl Pettefer;119918;25.35
Charlie Daniels;2000184202;25.35
David Norman Jr.;20044639;25.35
Emre Torun;70063303;25.35
Majed Osman;31036583;25.35
Salvatore D'Elia;43006951;25.35
Vladimír Weiss;25003376;25.35
Walter Martínez;87017501;25.35
Yann Ekra;34000476;25.35
Yann M'Vila;8449433;25.35
Aiden O'Neill;28100041;25.2
Cherif Ndiaye;219323;25.2
D'Mani Mellor;28115830;25.2
Daniel O'Shaughnessy;33027501;25.2
Jean N'Guessan;12081415;25.2
Lewis O'Brien;29156935;25.2
Lorenzo Vasco;43143666;25.2
Mamadou N'Diaye;2000121370;25.2
Ronald Vargas;2000088998;25.2
Sajjad Shahbazzadeh;23128348;25.2
Steven Taylor;2000141394;25.2
Ali Pala;92012105;25.05
Bryan Ruiz;78100846;25.05
Christopher Lamprecht;2000118007;25.05
David Vaughan;2000161741;25.05
Gaspar Rubio;2000235210;25.05
Ivan Obradović;62095106;25.05
Joe Davis;2000204284;25.05
Mayoro N'Doye;13108164;25.05
Tita;83182209;25.05
Will Davies;2000183523;25.05
Ferris N'Goma;85028007;24.9
Jonathan Moreira;2000214312;24.9
Liam O'Brien;29027236;24.9
Paudie O'Connor;52077463;24.9
Ricardo Rodriguez;2000014763;24.9
Selahattin Seyhun;70137161;24.9
Vincent Pajot;85045643;24.9
Jonathan D'Laryea;5114016;24.9
Rico Lewis;2000098727;24.9
Nico O'Reilly;2000101285;24.9
Giorgio Probo;43252468;24.75
Jack Diamond;36532103;24.75
Marcos Antônio;19393751;24.75
Maxime D'Arpino;48036648;24.75
Noah Abatneh;2000060446;24.75
Pablo Ibáñez;2000230156;24.75
Scott Weight;5124284;24.75
Sebastian Larsson;93083725;24.75
Semih Kaya;2000079723;24.75
Victor Udoh;2000232439;24.75
Zhao Jianbo;34054174;24.75
Cem Karaca;70134566;24.7
Francesco Pisano;43080388;24.6
Giuseppe Perrino;43609812;24.6
James Eto'o;13194013;24.6
Jerry St. Juste;37049949;24.6
Jóhan Troest Davidsen;5007047;24.6
Nathan Baker;2000178652;24.6
Necip Uysal;70031727;24.6
Simone Inzaghi;43078156;24.55
Chris Slater;5111700;24.45
Jimmy Smith;2000092220;24.45
Michael Dawson;2000229400;24.45
Ollie O'Neill;29233147;24.45
Stefan Džodić;2000216422;24.45
Wissem Ben Yahia;8630856;24.45
Emilio Viqueira;2000023016;24.4
Indrit Mavraj;2000227896;24.3
Mikey Moore;2002042204;24.3
Sékou Koné;12080786;24.3
Sergiu Perciun;2000199410;24.3
Yan Bingliang;2000224665;24.3
Vincenzo Montella;43049622;24.25
Carlos Aranda;2000156071;23.85
Jorge Félix;67175152;23.35
Lucas Radebe;90094167;23.28
Alessandro Agostini;2000054482;23.1
David Cañas;67282313;23.1
Adriano da Matta;64047769;23.0
Alessandro Borgese;7990381;23.0
Alex Benvenga;43041258;23.0
Alex Gibbs;837785;23.0
Alican Karadağ;70036307;23.0
Aliu Djaló;2000156948;23.0
Andrea Vignali;43044211;23.0
Angelo Gregorio;43024272;23.0
Antonio Negro;43212349;23.0
Ashley-Paul Robinson;5007473;23.0
Claudio Sparacello;43083382;23.0
Clébson;19352763;23.0
Daniele Grandi;43067446;23.0
Dursun Karatay;5605728;23.0
Felipe Manoel;19055863;23.0
Giacomo Chiazzolino;1409023;23.0
Gianmarco Gerevini;43067844;23.0
Giovanbattista Catalano;43079175;23.0
Giuseppe Palma;43093994;23.0
Hakan Akman;70025899;23.0
Haluk Türkeri;35000587;23.0
Jason St Juste;5004774;23.0
Jean Mbida;43036560;23.0
Joaquín Calderón;1510535;23.0
José Higón;67107571;23.0
Juan Ramón Ruano;7452532;23.0
Keith Graydon;5113415;23.0
Kemal Akbaba;70002802;23.0
Loris Palazzo;43062249;23.0
Manuel Sinato;3801515;23.0
Mark Danks;5104498;23.0
Matthew Parsons;125200;23.0
Michele Gallaccio;5113700;23.0
Michele Tarallo;3800034;23.0
Nicolò Corticchia;43070137;23.0
Óscar Fornés;1508030;23.0
Paolo Carbonaro;43002024;23.0
Pedro Manzi;67092629;23.0
Pellegrino Albanese;43029892;23.0
Peter Castle;5114600;23.0
Pietro Balistreri;7990264;23.0
Stefano Del Sante;7988518;23.0
Stefano Di Berardino;7990806;23.0
Tácio;8832835;23.0
Tufan Kelleci;70075238;23.0
Valerio Anastasi;43007002;23.0
Vicente Moscardó;67041744;23.0
Vito Falconieri;7990954;23.0
Yassin Mohamed;85131583;23.0
Alessandro Scialpi;43039496;22.95
Alex Guerci;43163224;22.95
Arif Şahin;70008032;22.95
Caner Çolak;70094117;22.95
David Pitt;29059660;22.95
Domenico Maiese;43029889;22.95
Kadir Arı;70076264;22.95
Marco Perini;7982404;22.95
Mark Peers;5112819;22.95
Mert Ilıman;70076283;22.95
Philippe Nsiah;85104873;22.95
Samuele Bettoni;1414180;22.95
Uğur Işıkal;8480867;22.95
Vinícius Calamari;55008176;22.95
Adriano Duarte;79004101;22.8
Andrea Peana;7988379;22.8
Arsène Do Marcolino;8434583;22.8
Connor Dymond;29087443;22.8
Eugenio D'Ursi;43125544;22.8
Furkan Yaman;70092816;22.8
Guy Bates;5114245;22.8
Jacopo Sciamanna;1414399;22.8
James Bransgrove;29127777;22.8
Jesurun Uchegbulam;2000035919;22.8
Osman Şahin;70114375;22.8
Roberto Codromaz;43124713;22.8
Sammie McLeod;95040671;22.8
Sedat Berisha;47018900;22.8
Yannick Chevalier;34006546;22.8
Zsolt Tamási;43007306;22.8
Alexandre Llovet;48038638;22.65
Ben Gill;5114598;22.65
Efşan Geçgin;70046022;22.65
Gennaro Fragiello;838284;22.65
Giulio Mulas;43124662;22.65
Gorka Luariz;67150955;22.65
Ismail H'Maidat;18054819;22.65
Jessy Reindorf;18076208;22.65
Luigi Sorrentino;43043926;22.65
Manuel Tello;7458255;22.65
Paco Esteban;2002042269;22.65
Simon Smith;74041519;22.65
Toni Soler;67184063;22.65
Víctor Gomis;7445202;22.65
Aimone Calì;43143646;22.5
Daniel Martinez;2000201281;22.5
Daniele Cardelli;43090463;22.5
Erdi Bakırcı;70024076;22.5
Felice D'Amico;43297400;22.5
Mark Rasmussen;5106640;22.5
Mattia Sandrini;43093407;22.5
Mode;67157613;22.5
Nacho González;67215600;22.5
Olcay Gür;98010688;22.5
Ronald Sobowale;31035867;22.5
Saffet Gurur Yazar;70003392;22.5
Seydine N'Diaye;98048108;22.5
Stuart Wilson;2000038576;22.5
Volkan Pala;70102718;22.5
Alan Kearney;5003743;22.35
Andrea Alberti;43049099;22.35
Charley Edge;28090683;22.35
Christian D'Urso;43143651;22.35
Ian Pino;14222055;22.35
James Melhado;29191368;22.35
Joe Robinson;29108139;22.35
Kevin Berkoe;29188482;22.35
Latif Amadu;23242779;22.35
Luca Mosti;43212331;22.35
Nacho Pastor;67289960;22.35
Nick Liversedge;5008534;22.35
Omar Fleitas;67127971;22.35
Quentin N'Gakoutou;85059776;22.35
Rubén Royo;67054980;22.35
Taha Cengiz Demirtaş;70046025;22.35
Tony Burns;52014214;22.35
Daniel Bravo;2000007483;22.24
Alexandre N'Gadi;34009550;22.2
Andrea Pinton;43123583;22.2
Carlos Cristeto;67182710;22.2
Christian N'Guessan;29160437;22.2
Darragh O'Connor;52096702;22.2
Erdem Onur Beytaş;70104078;22.2
Flávio Medeiros;83123454;22.2
Gonzalo Vásquez;77063580;22.2
James Davis;67182719;22.2
Jamie Winter;5109662;22.2
José Antonio Peral;67180254;22.2
Juan Cifré;67199254;22.2
Junior Assoumou;48036925;22.2
Liam Dulson;2000241422;22.2
Lorenzo Borri;43269346;22.2
Marco Brighi;831831;22.2
Mario Rebecchi;837128;22.2
Mark Proctor;2000111159;22.2
Massimo Sammartino;43094081;22.2
Matheus Paquetá;19338876;22.2
Metin Sevinç;70089726;22.2
Mike Burgess;29125844;22.2
Mirza Hasanbegović;93142837;22.2
Mourad Benhamida;915741;22.2
Nabil Makni;43617449;22.2
Ryan Blake;31035115;22.2
Sergen Yatağan;70121583;22.2
Xabier Santos;75038137;22.2
Yang Pengju;34044118;22.2
Aadil Assana;85085931;22.05
Ahmet Demirli;70137949;22.05
Alan Arario;14059329;22.05
Álex Díez;67222166;22.05
Alexandre Obambot;49047843;22.05
Domenico Rossi;43298866;22.05
Dylan Bikey;85085150;22.05
Etienne Eto'o;2000045480;22.05
Federico Marigosu;43372534;22.05
Genaro Rodríguez;75055292;22.05
Illya Bryukhov;43339184;22.05
James Rowe;2000114247;22.05
Jiang Yinghao;23315088;22.05
Joseph Barbato;36517070;22.05
Lionel Enguene;67200241;22.05
Ludovico D'Orazio;43295400;22.05
Maicol Origlio;43159592;22.05
Marc Echarri;2000056625;22.05
Mirsad Brunčević;62075349;22.05
Mohamed Darwish;2000156089;22.05
Mouhameth Sané;48031392;22.05
N'dri Philippe Koffi;49062609;22.05
Riccardo Bertozzi;43092993;22.05
Robert Atkinson;2000140043;22.05
Sam Brotherton;88023145;22.05
Serbay Yağız;70061138;22.05
Siim Tenno;31000410;22.05
Simon Gibson;52002502;22.05
Simone Sannibale;7990982;22.05
Ufukcan Engin;70094007;22.05
Yannick Cotter;84153626;22.05
Abdoulaye Soumaré;2000160350;21.9
Adel Langue;13177999;21.9
Andrea D'Egidio;43209143;21.9
Andrea Gasparri;43017773;21.9
Ange N'Guessan;2000024354;21.9
Angelos Tsiaklis;550639;21.9
Antonio D'Alena;43190957;21.9
Chen Rong;2000225801;21.9
Ciro Palmieri;43339652;21.9
Dylan Hughes;36522872;21.9
Emre Bekir;70137901;21.9
Gabriele Galardi;43425174;21.9
Gianmarco Di Biase;2000201626;21.9
Harry Benns;29139672;21.9
Jamie Griffiths;35155798;21.9
John Black;89068495;21.9
José Luis Friaza;2000126533;21.9
Lander Pinillos;2000212248;21.9
Matteo Voltolini;43162196;21.9
Mattia Pin;43000082;21.9
Miao Huaxu;2000139995;21.9
Stefano Chimini;43058954;21.9
Yan Yiming;67257906;21.9
Yannis N'Gakoutou;48036488;21.9
Zhao Ziye;34047365;21.9
Anel Husić;21028240;21.75
Bismark Idan;13107108;21.75
Carl Davordzie;43479341;21.75
Cédrick Fiston;915894;21.75
Elmando Gjini;43500348;21.75
Felice Prevete;1401388;21.75
Francesco Renzi;43458678;21.75
Gary O'Neill;28067728;21.75
Geng Taili;34045123;21.75
Joe Lea;28100405;21.75
Keelan O'Connell;28107837;21.75
Khamis Digol;48043760;21.75
Lautaro de León;2000088641;21.75
Liam Loughlan;28122214;21.75
Lorenzo Masetti;43486676;21.75
Marco D'Aloia;43379779;21.75
Mariano Rudi;43009486;21.75
Max Jolliffe;2000177871;21.75
Nordine Ibouroi;50065195;21.75
Patrice Sousia;67247578;21.75
Patrick Antelmi;28058655;21.75
Paul Holmes;29241738;21.75
Pio Schiavi;43212350;21.75
Riccardo Caraglia;43000058;21.75
Saliw Babawo;17034248;21.75
Serkan Bakan;70103127;21.75
Stefano Prizio;43000246;21.75
Tommi O'Reilly;2000047457;21.75
Giuseppe Giannini;43390440;21.74
Alejandro Martín;2000124457;21.6
Alex Souza;83324131;21.6
Ashley Akpan;2000060341;21.6
Bogdan Sadovskiy;17035715;21.6
Charlie Warren;2000229437;21.6
Christian Monacizzo;43039774;21.6
Cieran Dunne;61082162;21.6
Dren Terrnava;2000147428;21.6
Elyh Harrison;2000190299;21.6
Ethan Wheatley;2000190311;21.6
Ethan Williams;2000190312;21.6
Furkan Külekçi;2000077207;21.6
Jake Hackett;28110961;21.6
Jean-David Legrand;34009549;21.6
Joachim Kayi Sanda;2002042222;21.6
Joe O'Brien-Whitmarsh;2000109022;21.6
Kane Drummond;2000112476;21.6
Ken Izekor;2002042241;21.6
Kevin Lidin;43375325;21.6
Kévin N'Doram;85135790;21.6
Kirill Polkhovskiy;17039806;21.6
Liu Xing;34043441;21.6
Luca D'Andrea;2000024665;21.6
Luciano D'Auria-Henry;29233145;21.6
Luka Špoljarić;62092490;21.6
Madiou Keita;2000125839;21.6
Mark O'Mahony;2000161868;21.6
Max McMillan;29233763;21.6
Maximilian Ibrahimović;2002042226;21.6
Moussa Djoumoi;49050530;21.6
Noah Darvich;2002042199;21.6
Pei Zhanpeng;23467066;21.6
Pierre Cayet;48043833;21.6
Raul Stanciu;57062746;21.6
Senan Mullen;2000216407;21.6
Stefano Rubbi;43495719;21.6
Tommaso Cazzaniga;43212777;21.6
Tyler Young;2000239399;21.6
Tyron Mbuenimo;2000037329;21.6
Ümran Zambak;70134562;21.6
Wang Haochen;2000095297;21.6
Wang Wenxuan;23407454;21.6
Warren O'Hora;52081987;21.6
Wesley Zahibo;2000116952;21.6
Xu Anbang;23465528;21.6
Yannis M'Bemba;49046901;21.6
Zhao Wenzhe;2000096256;21.6
Bruno Martini;75041784;21.59
Gaetano De Rosa;43259621;21.55
Emmanuel Tetteh;2000085868;21.48
Alexandre Pimenta;83163416;21.45
Billy Fewster;29233758;21.45
Dawda Camara;2000134379;21.45
Denis D'Onofrio;43017855;21.45
Émile Legault;49046620;21.45
Emre Nasuh;2000028082;21.45
Enzo Sternal;2002042273;21.45
Filippo Scotti;2002042201;21.45
Francis Onyeka;2002042233;21.45
Franck Nunke;2000092958;21.45
Isaac Zuleta;2000147917;21.45
James Nolan;2000190304;21.45
Jorge Cabello;2000038008;21.45
Lee O'Connor;28109893;21.45
Liam Craig;2000247692;21.45
Maat Daniel Caprini;2000186958;21.45
Magatte Sarr;49049417;21.45
Mahamadou Baldé;2000190018;21.45
Marco Speranza;43091180;21.45
Marcos Navarro;67182400;21.45
Mukhtar Sanusi;2000084485;21.45
Paschal Okoli;70110762;21.45
Randy Mavinga;49048427;21.45
Roy Smith;80001499;21.45
Teo Barišić;2000227993;21.45
Wang Lingke;2000211658;21.45
Wu Zewei;67297506;21.45
Andréa Schifano;18044696;21.3
Bright Amoateng;2000034592;21.3
Carter Pinnington;2002042144;21.3
Elia Di Giuliomaria;2000098533;21.3
Emiliano Landolina;7984078;21.3
Fan Ruiwei;2000096250;21.3
Francesco D'Alessio;2000024751;21.3
Francesco Lamanna;43425311;21.3
Habeeb Ogunneye;2000190303;21.3
Haukur Andri Haraldsson;2000123246;21.3
Igor Oyono;2002042274;21.3
Jack Moorhouse;2000190306;21.3
Lennart Karl;2002042279;21.3
Leon Klanac;2002042231;21.3
Leonardo Bovo;2000124710;21.3
Li Shuaihu;23403225;21.3
Lorenzo Venturino;2000246890;21.3
Luo Hongshi;34044122;21.3
Óscar Marcos;2002042268;21.3
Pharrell Johnson;2000026460;21.3
Saad El Haddad;2000125342;21.3
Salah Basha;43617039;21.3
Sergio Esteban;67197766;21.3
Shi Jinshuai;2000095832;21.3
Francisco López;2000116407;21.28
Clive Clarke;2000088588;21.25
Andrea Mandorlini;43037032;21.19
Bruno Giordano;43619247;20.97
Carlo Galli;2000187600;20.97
Thomas Robertson;2000122196;20.97
David O'Leary;52036315;20.9
Klaus Fischer;16333511;20.8
Christian Montes;74043051;20.67
Francisco Guzmán;2000143324;20.67
James Cowan;61078005;20.67
Alex Walker;2000114441;20.52
George Hedley;89068490;20.52
Jack Yates;2000219260;20.52
James Birch;2000178817;20.52
Michel Hidalgo;2000045392;20.52
Gustavo Méndez;2000018474;20.43
Mikkel Beck;2000115066;20.05
Ian Sampson;29020526;19.99
Carlos Bueno;77063475;19.7
Clayton McDonald;2000030716;19.7
Deon Burton;2000151755;19.7
Emanuele D'Anna;3802307;19.7
Fábio Paim;744734;19.7
Jason Price;5102743;19.7
Marek Penksa;4797;19.7
Phil Marsh;5116924;19.7
Rory Fallon;90024532;19.7
Simone Motta;43021543;19.7
Yakubu;2000058016;19.7
Nicolas Marin;43203958;19.65
Alcides;2000226157;19.5
Hélder Postiga;83258995;19.5
Jermaine Jones;82050076;19.5
Luca Antonini;43150595;19.5
Rhys Taylor;2000181493;19.5
Giovanni Federico;43339388;19.35
Abdoul Camara;43615603;19.2
Craig Foster;81013428;19.2
Julio Álvarez;86077103;19.2
Liam Lawrence;2000104324;19.2
Michael Cain;29090910;19.2
Migue;67131441;19.2
Tom Shaw;74034467;19.2
Goran Milojević;62195679;19.18
Adam Bartlett;2000016228;19.05
Arron Davies;2000192672;19.05
Chris Moore;74040013;19.05
David Villa;2000247885;19.05
Douglão;19286216;19.05
Emmanuel Mendy;12094402;19.05
Jamie O'Hara;5113930;19.05
Juan Guerra;67150302;19.05
Lamine Diarra;12078329;19.05
Michael Turner;29196145;19.05
Roberto Carlos;83276087;19.05
Roger Johnson;36521969;19.05
Mbaye Niang;2000138178;19.0
Thuram;19186160;19.0
Andrea Mantovani;43317810;18.9
Cabral;2000243111;18.9
Daniel Jensen;27143290;18.9
Levi Porter;5112613;18.9
Muarem Muarem;47019159;18.9
Romerito;19317788;18.9
Ryan Crowther;29010065;18.9
Salvatore Gambino;2000232656;18.9
Victor Obinna;2000086130;18.9
Ralf Weber;2000156437;18.88
Cacau;2000018105;18.75
Kerem Bulut;2002042753;18.75
Kevin Doyle;15070534;18.75
Marco Ramos;86039057;18.75
Matthew Connolly;2000045086;18.75
Morten Jensen;27153659;18.75
Rodrigo Tello;2000210702;18.75
Sharbel Touma;93141182;18.75
Onur Bayramoğlu;29040191;18.75
André Bahia;19152858;18.6
Ben Parker;2000108073;18.6
Christian Abbiati;2000243986;18.6
Daniele Capelli;43073933;18.6
Daniele Martinelli;43272213;18.6
Felipe Lopes;2000203751;18.6
Hossam Ghaly;12066513;18.6
Kevin O'Connor;52064235;18.6
Tom Peters;2000051425;18.57
Biel Company;67011214;18.45
Fernando Vega;14154227;18.45
Franco Costanzo;14205566;18.45
Gary Gillespie;2000008781;18.43
Antonio Oviedo;78074471;18.42
David McGurk;61069934;18.3
Wes Brown;29236650;18.3
Özgür Özkaya;70026443;18.2
Giuliano Giuliani;2000064631;18.19
Barry Roche;2000141414;18.15
Carlos Meléndez;87041970;18.12
José Valle;2000015582;18.12
Joseíto;67132017;18.12
Kike García;67065538;18.05
Gökdeniz Karadeniz;70125146;18.0
Enrico Nicolini;2000026474;17.98
Rubén Cano;2000209222;17.92
Julio Cruz;51042276;17.9
Daniel Bernard;43117707;17.87
James Brennan;15065425;17.82
Carlos Ibáñez;14029447;17.75
Bobby Robinson;2000189874;17.67
Francisco Filho;2000173324;17.67
Jack Hindle;90057554;17.67
John McGrath;2000036588;17.67
Sam Small;74000992;17.67
Sam Warhurst;2000064307;17.67
Tom Urwin;28029983;17.67
William Brown;2000194833;17.67
Martin Scott;5207945;17.6
Stuart Pearson;30010594;17.53
Henry Thompson;2000059955;17.52
Joaquín Jiménez;67282702;17.52
Joe Nicholson;2000215931;17.52
Ramón Herrera;86068496;17.52
Tom Morris;90063161;17.52
George Dalton;15065423;17.37
Harry Hall;15083261;17.37
Harry Woodward;89068488;17.37
Jack Atherton;74058846;17.37
James Elliott;2000029716;17.37
Thomas Prince;35154424;17.37
Jonathan Brown;95036390;17.3
Matt McKay;429807;17.3
Darren Roberts;2000163214;16.9
Gareth Taylor;358974;16.9
Mário Jardel;83218033;16.9
Stuart Elliott;2004039;16.9
Tony Thorpe;2005725;16.9
Alessandro D'Antoni;43002771;16.7
Algassimou Baldé;8448048;16.7
Andrew Smith;74059267;16.7
Cecil Nyoni;28048420;16.7
Daniele Fioretti;43030903;16.7
Dario Fedi;1414274;16.7
Fabio Lebran;1400813;16.7
Fabio Meduri;43039773;16.7
Francisco Lima;83261545;16.7
Jon Stevenson;5104631;16.7
Jordan Robertson;2000131337;16.7
Leonardo Moracci;1408680;16.7
Marco Villagatti;830843;16.7
Mattia Gallon;43037985;16.7
Michael Malcolm;5100705;16.7
Michael Zechner;2000151069;16.7
Milton Núñez;2000130163;16.7
Rocky Siberie;858911;16.7
Sébastien Carole;916134;16.7
Stefan Moore;5107369;16.7
Emil Angelov;2000080080;16.7
Daniel Maa Boumsong;1410958;16.65
Gianluca Franciosi;43039765;16.65
Xabi Pascual;2002057999;16.65
Ben Muirhead;5101722;16.55
Carlos Ochoa;80024742;16.55
Chris;95055438;16.55
Darren Freeman;52066855;16.55
Evanílson;19354519;16.55
Nenad Kovačević;62010952;16.55
Paul Codrea;2000204012;16.55
Richard Walker;74016496;16.55
Simon Davies;36530404;16.55
Stefano Fiore;2000078269;16.55
Andreas Haas;2000156361;16.5
Edmund Hottor;43043997;16.5
Pablo Navas;29042008;16.5
Rubén González;67297411;16.5
Yago Fernández;2000053065;16.5
Andrea Campagnolo;1408526;16.4
David Lucas;83282587;16.4
Pablo Contreras;2000230383;16.4
Alhassane Keita;2000121704;16.35
Emmanuel Mbella;57099084;16.35
Iván Otero;67281128;16.35
Jon Kennedy;5102437;16.35
Jordan Fitzpatrick;5006563;16.35
Stefan Nenadović;43343872;16.35
Ben Fairclough;5133475;16.25
Darren Williams;74000751;16.25
Florin Bratu;57214443;16.25
Ilan;2000050459;16.25
Iosif Rotariu;2000109489;16.25
Mamadou Niang;2000086487;16.25
Stephen Appiah;23428996;16.25
Stuart Green;89046153;16.25
Volkan Ünlü;2000166272;16.25
Daniele Bernasconi;43062375;16.2
Jonathan Aspas;810734;16.2
Louis Harris;35150451;16.2
Lyubomir Genchev;22006009;16.2
Nacho Fernández;67047229;16.2
Gökhan Çalışır;70025016;16.15
Ufuk Er;70024150;16.15
Abdullah Çelik;70107266;16.15
Balázs Molnár;38069106;16.1
Jan Koller;2000185081;16.1
Kevin Muscat;47105088;16.1
Luis Prieto;79004515;16.1
Marcos Márquez;2000142850;16.1
Mohamed Zidan;2000224036;16.1
Stephen Hughes;29088152;16.1
Alberto Melis;43054616;16.05
Andrea Briotti;7984080;16.05
Armando Visconti;1414528;16.05
Callum Hart;15080603;16.05
Dajour Buffonge;82076649;16.05
George Weah Jr.;7988421;16.05
Jean-Jacques Bougouhi;13113116;16.05
Morgan Betorangal;18074493;16.05
Shane O'Connor;4001897;16.05
Carlos Marchena;86071624;15.95
Chris Sutton;2000022230;15.95
Daniel Bauer;2000182330;15.95
Davide Mandelli;43096560;15.95
Fabian Gerber;84151982;15.95
Henrik Larsson;93087943;15.95
Iñaki Muñoz;2002056851;15.95
Mauro Esposito;43431011;15.95
Allan Kimbaloula;85057204;15.9
Andrea Bagnai;43009069;15.9
Antoine Gounet;29110221;15.9
Cédric N'Koum;29022621;15.9
Jerahl Hughes;5007467;15.9
Jon Boardman;4000913;15.9
Moses Barnett;29003712;15.9
Nicola Del Pivo;43068343;15.9
Andy O'Brien;2000085206;15.8
Danny Murphy;89008361;15.8
Gary Smith;2000098073;15.8
Ivaylo Petkov;22060239;15.8
Jay Smith;2000164554;15.8
Kevin Davies;74044210;15.8
Markus Miller;16183769;15.8
Anton Blackwood;28016148;15.75
Federico Brusacà;43124546;15.75
Fran No;67138766;15.75
Kevin Gibbens;104126;15.75
Pablo Paredes;75051339;15.75
Raúl Medina;2000028633;15.75
Roberto Camarasa;67198921;15.75
Andrew Johnson;30021529;15.65
Daniel Andersson;2000250233;15.65
Freddy Eastwood;29218404;15.65
Michael Owen;2000107973;15.65
Stuart Campbell;2000038483;15.65
Alex Pontons;43061327;15.6
Amadou Alassane;34012487;15.6
Anthony Danze;426429;15.6
Dan Strugnell;29057975;15.6
Dragan Gjorgiev;92021359;15.6
Joe Gatting;4001353;15.6
Luca Colombo;43125442;15.6
Luca Pompilio;43039495;15.6
Matteo Cavagna;43493967;15.6
Nico Baleani;67171188;15.6
Richard Lee;2000204558;15.6
Roberto Núñez;67196103;15.6
Samir Bertin d'Avesnes;8428501;15.6
Scott Harrison;2000180330;15.6
Zaine Pierre;43111343;15.6
Dill;84103110;15.5
Florian Lechner;16126119;15.5
Marco Rose;15081415;15.5
Scott Paterson;2000030056;15.5
Giorgio Piacentini;43140423;15.45
Javi Llor;67219028;15.45
Patrick Percin;8427653;15.45
Scott Taylor;2000055812;15.45
Cameron Gilchrist;28096340;15.3
Marvin Maietti;43075054;15.3
Paolo Seppani;7984074;15.3
Yorgan Agblemagnon;48043475;15.3
Agustín Delgado;2000011133;15.3
Hasan Özer;2000138441;15.3
Jack Kelleher;29157659;15.15
Jan-Lukas Funke;2000024739;15.15
Kamel Larbi;8431693;15.15
Yu Shanwen;23441019;15.15
Alon Mizrahi;95039834;15.15
Chams Faraji;96158893;15.0
Vladislav Kuzhal;17033146;15.0
Wang Chuqi;34042663;15.0
Ali Mousavi;2000182567;15.0
Diego Crosa;2000059921;14.85
Antonio Gómez;67263408;14.7
Fernando Cáceres;79028815;14.7
José Luis Calderón;51016473;14.7
Luca Altomare;2000191461;14.7
Mohammed Sylla;2000250289;14.7
Aliou Cissé;13170153;14.55
David Thompson;29019928;14.55
Jesús Galván;2000143633;14.55
Kyle Moran;2000095465;14.55
David Howells;90015949;14.4
Giuseppe Reina;2000243459;14.4
Zsolt Petry;38068273;14.34
Mert Korkmaz;2000039524;14.25
Roberto Cevoli;2000035421;14.18
Bernd Schneider;16332164;14.1
Tiko;2000026416;14.1
Tobias Rau;16337641;14.1
Alex Dias;83197836;13.9
Domenico Cecere;43151790;13.9
Fabián Caballero;2000178938;13.9
Gianluca Toscano;7984909;13.9
Lee Morris;74058595;13.9
Mariano Fernández;14004168;13.9
Moisés García;87001402;13.9
Neil Tarrant;108888;13.9
Peter Wright;5107803;13.9
Ramón Pereira;19187643;13.9
Sean Hankin;5102131;13.9
Diego Pellegrini;43094332;13.85
Dominique Jean-Zéphirin;8607044;13.85
Mario Rosas;8830291;13.85
Sean Doherty;2000008049;13.85
Simon Brown;52043844;13.85
Evair;19343513;13.82
Federico Domínguez;14025204;13.7
Fernando Fajardo;80007054;13.7
Marco Almeida;2000140232;13.7
Gheorghe Popescu;57082447;13.67
Antonio Calderón;7450188;13.59
Zaza Janashia;2000062637;13.59
Sergi Barjuán;2000208665;13.58
Ajet Shehu;28012762;13.55
Darragh Ryan;108301;13.55
Jamie Doyle;2000216343;13.55
Josh Low;15078011;13.55
Julio Gutiérrez;2000214098;13.55
Laurent Lanteri;916156;13.55
Mateus Paraná;2108898;13.55
Rivaldo González;2000076569;13.55
Tomás Guzmán;2000167195;13.55
Vadym Ishmakov;7481004;13.55
Thomas Schneider;91157891;13.43
Andrea Staffolani;827978;13.4
David Woozley;103464;13.4
Giacomo Cotellessa;1400627;13.4
Manuel Blanco;2000022984;13.4
Stefano Pastrello;829397;13.4
Davide Corti;43343544;13.37
Daniel Marín;2000184783;13.25
Davide Cattaneo;2000098493;13.25
Francesco Battaglia;43212950;13.25
Giovanni Bruno;43381460;13.25
Israel Delgado;2002057152;13.25
Ivan Cacchioli;43017772;13.25
James Ford;5101900;13.25
Jordan Fowler;29222960;13.25
Paíto;2000213148;13.25
Paolo Facchinetti;836927;13.25
Valentin Năstase;57073842;13.25
Ibrahima Gueye;2000225737;13.1
Jamie Speare;2005568;13.1
Jermaine Brown;90051189;13.1
Mark Jackson;5112643;13.1
Salvatore Del Sole;43000070;13.1
Santiago Salazar;2000231483;13.1
Sebastiano Rossi;43617670;13.07
Aboubacar Fofana;2000135977;12.95
Andrés Santos;14203307;12.95
David Coulibaly;53128174;12.95
Dramane Coulibaly;43418705;12.95
Eder Baù;829378;12.95
Henry Okoroji;1402127;12.95
Ibrahim Touré;12089045;12.95
Jake Wholey;29084159;12.95
Kadir Caidi;43024265;12.95
Lars Müller;8300145;12.95
Luca Ferro;14225287;12.95
Michael Weir;61097504;12.95
Mingo;13207788;12.95
Stephen Evans;250481;12.95
Adrián Cañas;67144544;12.8
Alexandros Konstantinidis;1806228;12.8
Ilario Lamberti;1408645;12.8
James Ellison;95038289;12.8
Lorenzo Morelli;43315057;12.8
Luca Fusco;2000068187;12.8
Mark Cook;2000191146;12.8
Marko Babić;2000198574;12.8
Michael Stewart;2000171483;12.8
Pietro Lorenzini;43006342;12.8
Sebastian Plate;93132253;12.8
Sergio Ortega;80012108;12.8
Simone Farina;43343643;12.8
Andrea Damiani;43321995;12.65
Giacomo Bassoli;43017714;12.65
Ivan Loseto;43000169;12.65
Kyle Fraser-Allen;28005822;12.65
Peter Graulund;27161760;12.65
Poli;2000116500;12.65
Ross Gardner;29058368;12.65
Antonio Piccolo;2000111858;12.65
Denni Conteh;3504407;12.5
Djair;19089306;12.5
Enrico Cotza;7990158;12.5
Federico Mannini;43036552;12.5
Josetxo;67040801;12.5
Makhtar N'Diaye;12080050;12.5
Miloš Malivojević;43094047;12.5
Stefano Rossini;43049066;12.5
Steve Berry;28029494;12.5
Víctor Bonilla;2002056616;12.5
Yeray Patiño;67180251;12.5
Antonio Bucciarelli;43061797;12.45
Carl Griffiths;74036776;12.45
Carmine Esposito;43016868;12.45
Mohamed Berthé;2000023978;12.45
Stefano Bianconi;43162761;12.45
Roger Milla;83165859;12.36
Adama Soumaré;50072711;12.35
Cristian Pedrinelli;43067880;12.35
Federico Chirico;1414222;12.35
Marco Ruzittu;43018088;12.35
Samuel Adjei;2000109412;12.35
Stevie Riga;50050591;12.35
Marko Perović;2002042195;12.3
Rubenilson;55037257;12.3
Jacopo Luppi;43067813;12.2
Michael King;94037670;12.2
Roberto De Filippis;1401396;12.2
Keith Armstrong;1902656;12.17
Emmanuel Duah;2000085903;12.15
Lee Butler;90048605;12.15
Billy Davies;35151707;12.03
Gabriele Grossi;2000104959;12.0
Gabriele Paoletti;2000046070;12.0
Iain Anderson;2000026352;12.0
Matt Jackson;90017349;12.0
Souleymane Sané;12094922;12.0
Jan Urban;25006721;11.88
Alberto Bernardo;2000147983;11.87
Andrea Guerra;43118044;11.85
Salvatore Miceli;43425486;11.85
Scott Canham;29073725;11.85
Bruno Rodriguez;15052722;11.78
Charlie Cooke;89040884;11.77
Hugo Rubio;2002057572;11.76
David Jenkins;15076299;11.72
Adriano Teixeira;2000019421;11.7
Aleksandar Kocić;16162219;11.7
Ángel Cuéllar;86036758;11.7
David Montero;76065271;11.7
Francesco Baldini;43609423;11.7
Marius Baciu;57158428;11.7
Stefano Fattori;830590;11.7
Stefano Lorenzi;7990141;11.7
Peter Jackson;2000112345;11.58
Jimmy Jones;74043543;11.57
José Padrón;86062724;11.57
Peter Boyle;2000009922;11.57
Barry Jones;2000113933;11.55
Colin Heath;5101736;11.55
Flávio Conceição;2000015816;11.55
Manuel Benetti;43339130;11.55
Marius Sava;57155193;11.55
Matt Baker;90048572;11.55
Panagiotis Giannopoulos;36055153;11.55
Liam Robinson;2000182166;11.54
Ricky Hill;94008508;11.5
Marco Negri;2000074679;11.48
Daniele Massaro;43267487;11.46
Lars Olsen;53181140;11.46
Sergi López;2000038869;11.46
Andy Clark;2000033520;11.42
Jack Martin;2000122004;11.42
Jimmy Hartley;29091945;11.42
Tom Baxter;31042313;11.42
Eifion Williams;74036783;11.4
Grant Brown;15078040;11.4
Leonardo Villa;2000154249;11.4
Luca Gentili;7982959;11.4
Mário Silva;83209583;11.4
Matteo Giordano;43611941;11.4
Stephen Robinson;2000106069;11.4
Didier Martel;37084723;11.33
Jordan Tait;52092442;11.33
Carlos Jurado;2000049754;11.27
Fernando Sanz;14234210;11.25
Martino Olivetti;837209;11.25
Daniel Carnevali;2000181614;11.25
Nikolay Iliev;22005767;11.2
Alex Forsyth;2000191689;11.19
Paulo Alves;83306617;11.18
Alberto Marchetti;43118142;11.17
Bobby Moore;2000117317;11.14
Paul Byrne;2000110615;11.12
James Donnelly;2000135603;11.12
Peter Doherty;52068740;11.12
Pietro Pastore;43021116;11.12
Alex Bailey;2000104919;11.1
Serhiy Predko;43006962;11.1
Jan Peters;91201414;11.07
Ivan Rocha;83158556;10.97
Miloš Bursać;62080859;10.97
Salvatore Matrecano;43343828;10.97
John Harris;355582;10.97
Pietro Arcari;2000053127;10.97
Marco Murriero;5729042;10.95
Julio Algar;67215868;10.89
Lee Sharpe;2000154597;10.89
Michel Sanchez;34011764;10.89
Capucho;2000248859;10.88
Giuseppe Mazzarelli;43391982;10.88
Bradley Walsh;2000213559;10.83
Arthur Collins;2000080629;10.82
Francesco Grosso;43599169;10.82
Gavin Crawford;2000035582;10.82
Jack Rowley;2000092032;10.82
James Baxter;61096078;10.82
Joe Lumsden;90077243;10.82
John Cameron;61065477;10.82
John Wood;2000027139;10.82
Thomas Graham;52081835;10.82
John Hansen;8300444;10.82
Emanuele Orlandi;1400764;10.8
Lamine Traoré;13162797;10.8
Scott Marshall;110561;10.74
Luci;2000138495;10.73
Stephen Jenkins;35154053;10.73
Tomislav Rukavina;2000032445;10.73
Jean Fernandez;49041098;10.7
John Duncan;74037931;10.69
Colin Bell;2000061758;10.68
Giuseppe Marchi;43153031;10.67
Manolete;67292424;10.67
Tom Brown;28066725;10.67
William Dickson;52003040;10.67
Antonio Acosta;77058758;10.65
Gabriel Vidal;2000224293;10.59
Lee Marshall;29123634;10.58
Mark Morris;355212;10.52
Brian Close;5114532;10.52
David Lloyd;353560;10.52
Jack Parkinson;31042158;10.52
Michele Moretti;43609772;10.52
Ted Hughes;35154016;10.52
Tom Lyons;15058505;10.52
Tommaso Maestrelli;43167556;10.52
Tommy Lawrence;2000138139;10.52
Paul Beesley;90026204;10.5
Vicente Martínez;67216425;10.37
Mark Stuart;15087922;10.35
Richard Harris;5111967;10.29
Ian Hamilton;52093297;10.22
Shayne Bradley;104112;10.22
Andy Roberts;355523;10.14
Matt Brazier;88026120;10.14
Peter Clark;90045813;10.14
Ryan Nicholls;89065979;10.07
Michael Jeffrey;2000089754;10.05
Jorge Muñoz;75033686;9.99
Mark Robinson;2000033622;9.92
Tahar El Khalej;2000078577;9.92
Chris Black;52030034;9.84
Enric Cuxart;2000139553;9.84
Jesper Mattsson;2000023083;9.75
Danny O'Shea;2000089284;9.64
Mark Leonard;2000203640;9.64
Goran Jurić;24036260;9.63
Marco Gentile;43446485;9.63
Andy Thompson;15063438;9.62
Djibril Diawara;30051743;9.6
Thomas Vogel;48043576;9.48
Tony Ward;2000178443;9.48
Miguel Hernández;2000143855;9.39
Paulo Gomes;2000071862;9.39
Paul Sweeney;2000164252;9.34
Billy Garton;2000014780;9.32
Jatobá;2000158493;9.31
John Coady;2000106008;9.19
Jorge Contreras;2000130915;9.18
Richard Smith;90025194;9.17
Simon Webster;435870;9.1
Steve Taylor;2000037057;9.09
James Thompson;2000009472;9.07
Joe Norton;2000219259;9.07
Tommy Anderson;89058258;9.07
William Devlin;2000017795;9.07
Joe McBride;2000068217;9.06
Wayne Clarke;89013131;9.06
Esteban Gutiérrez;2000246689;9.03
Nicky Reid;61097878;9.03
Markus Reiter;16179128;9.02
Niall Thompson;29072347;9.0
Óscar Díaz;1501510;9.0
Ricardo Villar;1405187;9.0
Tom Broadbent;89007828;9.0
Tyler Boyd;30035243;9.0
Emilio Guerra;824301;9.0
Alexander Merkel;35017440;9.0
Nicola Coppola;43317694;9.0
Chris Bush;29059666;8.95
James Miller;2000156367;8.95
Jorge Arias;76021786;8.95
José Mejías;86060443;8.95
Miguel Ángel Lozano;2000020992;8.95
Stoichkov;67175447;8.95
Gonzalo Bergessio;956345;8.95
Iarley;19411812;8.95
Geraint Williams;2000011356;8.94
Mino;83150144;8.88
George Warren;90088034;8.87
Charlie Adams;29073576;8.8
Daniel Franco;14023030;8.8
Mark Elliott;5113938;8.8
Maurício Ramos;2108886;8.8
Nick Ward;428665;8.8
Richie Baker;5124757;8.8
Eero Markkanen;33025889;8.8
Edu Bedia;67053077;8.8
Jordan Larsson;93053655;8.8
Scott Thomas;89046130;8.74
David Hodgson;355283;8.72
Harry Nash;2000159988;8.72
Neil Martin;29006387;8.72
David Kelly;2000035599;8.65
Fernando López;14140411;8.65
Francesco Romano;43500705;8.65
Joe Walters;2000139770;8.65
Marco Monti;43591750;8.65
Mark Cullen;28029808;8.65
Alípio;55011649;8.65
Noé Acosta;1511327;8.65
Vincenzo Fiorillo;43009042;8.65
Giovanni Sartori;43270826;8.58
Steve Slawson;35154591;8.58
Joe O'Brien;15074534;8.57
Canito;83188917;8.55
Steve Phillips;31042325;8.55
Steve Elliott;30001911;8.52
Gunnar Nielsen;932290;8.5
Lloyd Jones;29075866;8.5
Son;67211336;8.5
Stuart Anderson;5112740;8.5
Matías Alustiza;14003642;8.5
Derik Osede;67103531;8.5
Santiago Villafañe;962979;8.5
Szymon Matuszek;67030704;8.5
Nigel Hasselbaink;37013321;8.5
Miguel Martínez de Corta;815158;8.5
Albert Dalmau;67046408;8.5
Daniel Sikorski;8728394;8.5
Fuat Yaman;70063036;8.49
Vincenzo Esposito;2000215941;8.46
Chris McDonald;61085246;8.43
Billy Dunn;89000566;8.42
Graham Williams;2000151322;8.42
Jack Foster;2000007294;8.42
Joe Murray;35153643;8.42
Joe Reid;52093491;8.42
John Brown;2000058913;8.42
John Ferguson;2000216512;8.42
Tony Lee;95031752;8.42
Ray Lee;2000096819;8.41
Stuart Gray;31041434;8.41
Gary Phillips;61039809;8.35
Jason;67184262;8.35
Mark Harris;29162932;8.35
Matthew Collins;2000199313;8.35
Nicolás Navarro;2000230322;8.35
Jorge Campos;2000212680;8.35
Fidel Martínez;19061410;8.35
Carlos Medrano;87040374;8.35
Oriol Rosell;67071184;8.35
Alex Bolaños;5270450;8.35
Robert Wilson;2000182648;8.34
Roberto Galbiati;43384192;8.32
Marko Mlinarić;24065332;8.31
John Phillips;151466;8.29
Billy Holmes;35153245;8.28
Renzo Rossi;14022831;8.28
Alex McDonald;88024000;8.27
Charlie Richards;2000212985;8.27
Liam O'Neill;28093599;8.27
Peter Bell;52093609;8.27
Roberto Rizzo;43130990;8.26
Jack McIntyre;28127108;8.2
Joe Martin;28000468;8.2
Joe Watson;61095335;8.2
John Burns;417035;8.2
Mark Hill;61073509;8.2
Matthew Dennis;28122646;8.2
William Hughes;36532467;8.2
Mustafa Aşan;70005897;8.2
Ilombe Mboyo;18027278;8.2
Fernando Muñoz;2000231980;8.2
Goku Román;28048952;8.2
Oscar Lewicki;93000804;8.2
Saër Sène;91016509;8.2
Diego Orejuela;76062816;8.19
Steve Williams;80030029;8.19
Brian Smith;2000211180;8.17
Chris Nicholl;415985;8.15
Ian Ross;61097403;8.14
John Dunn;61077398;8.13
John Shaw;90016812;8.13
Alex Harley;20031773;8.12
Anders Giske;758519;8.12
Billy Richards;2000089959;8.12
Charlie Woods;2000057801;8.12
Harry Fletcher;223776;8.12
Jack Bradley;52094011;8.12
James Moore;2000106993;8.12
James Stewart;74039997;8.12
Joe Caven;36531947;8.12
John McLean;2000182952;8.12
John Shepherd;35154733;8.12
Lewis Campbell;2000248494;8.12
Rees Thomas;2000094990;8.12
Tommy Edwards;2000030664;8.12
Fernando Fernández;79025318;8.05
George Martin;74047766;8.05
John Edgar;52045683;8.05
Michael Bradley;980486;8.05
Michael Richardson;28059049;8.05
Robbie McDaid;52065212;8.05
Stephen Wearne;29191933;8.05
Tom Spencer;2000141124;8.05
Muhammed Raşit Şahingöz;70097231;8.05
Agustín Torassa;14008381;8.05
Edwin Valencia;86073020;8.05
Iván González López;2002056667;8.05
Ricardo Noir;14009323;8.05
Pedro Larrea;8830075;8.05
Arnau Comas;67258409;8.05
Karl-Heinz Lappe;91014594;8.05
Alessio Sarti;2000220695;8.05
Michele Manenti;2000236800;8.05
David Houston;15005583;8.04
Tony Galvin;2000217128;8.02
Duncan Davidson;61097222;8.0
Antonio Morales;2000030391;7.97
Brian Clark;61006894;7.97
Brian Pilkington;74048168;7.97
Dave Evans;35152685;7.97
Dave Richardson;35151894;7.97
Harry Hughes;90079649;7.97
Harry Jackson;2000029952;7.97
Joe Duckworth;2000150484;7.97
Joe Harris;93128199;7.97
John Griffiths;2000077700;7.97
Juanín;67228472;7.97
Sam Henderson;61078245;7.97
Sam Robinson;2000246916;7.97
Sergio Ferrari;43391836;7.97
Tom Cain;2000045405;7.97
Tom Grey;74038860;7.97
Tom Swinburne;2000106972;7.97
Vittorio Dagianti;43010552;7.97
Dejan Marković;2000170429;7.9
Fernando Varela;55005547;7.9
Jack O'Connell;28080955;7.9
Jack Saunders;89050924;7.9
Jan Hoffmann;2000174957;7.9
John Brooks;92025938;7.9
John Clarke;2000104361;7.9
John Kennedy;19400559;7.9
Mousa Dembélé;8161845;7.9
Peter Stroud;28122338;7.9
Renato Ricci;43029890;7.9
Taylor Booth;2000021340;7.9
Tom Barlow;72051250;7.9
Tommy Doyle;28120038;7.9
William Jones;2000113912;7.9
Furkan Şeker;70057320;7.9
Ümit Karaal;70065860;7.9
Alejandro Chumacero;86007697;7.9
Alan Pulido;51012676;7.9
Rubén Belima;67093865;7.9
Lin Liangming;23232280;7.9
Marvin Ávila;87000677;7.9
Pablo Saucedo;14048658;7.9
Joan Campins;67184882;7.9
Andrés Ramírez;86059060;7.9
Marco Höferth;35007945;7.9
Daniel Wein;91119574;7.9
Tom Robertson;35154130;7.9
Paul Harvey;15062091;7.9
Pierre Bourdin;85075643;7.9
José Francisco Cevallos;86017034;7.9
Edoardo Ceria;43096353;7.9
Tasos Donis;36077213;7.9
Andrej Modić;43123479;7.9
Enrique Morán;79035045;7.89
Roberto Antonelli;43095715;7.89
Alan Weir;417617;7.87
Chris McGrath;5112818;7.87
Neil Robinson;82001117;7.87
Ian Evans;35153839;7.85
Thomas Miller;16144692;7.83
Antonio Fusco;835384;7.82
Brian Wood;2000016595;7.82
Chris Adams;2000036651;7.82
David Young;90015920;7.82
Francesco Cappelli;43383946;7.82
Frank Clarke;2000099843;7.82
George Beattie;89046631;7.82
George Richardson;29224451;7.82
George Robinson;89063440;7.82
Harry Ross;2000101975;7.82
Haydn Price;29222964;7.82
Henry Hamilton;88026170;7.82
Jack Doughty;2000123247;7.82
Jack Gregory;2000242213;7.82
James Shaw;89057814;7.82
John Boyle;417199;7.82
Johnny Gill;2000144452;7.82
Thomas Kelly;2000115903;7.82
Tom Douglas;74057264;7.82
Tommy Lloyd;2000170326;7.82
Jamie Murray;351773;7.8
Keith Williams;45024848;7.8
Craig Edwards;355677;7.75
David Russell;2000183692;7.75
Eric Smith;93053901;7.75
Eusebio;36514574;7.75
George Tanner;28109894;7.75
Henry Smith;29193814;7.75
Mark O'Connor;2000176531;7.75
Tom Leahy;2000058111;7.75
Tom Scully;28111386;7.75
Tom Sparrow;29240108;7.75
Renato Ibarra;86012081;7.75
Diego Herrera;14242272;7.75
Milan Zorica;62056785;7.75
Diawandou Diagne;18075184;7.75
Nicolas Jüllich;91017241;7.75
Ferdinand Oswald;35018721;7.75
William Jackson;250447;7.75
Gabriele Moncini;43093100;7.75
Francesco Tahiraj;43124580;7.75
Andrea Capitanio;2000020283;7.75
Alessandro Lambrughi;7984024;7.75
Giuseppe Rinaldi;7981477;7.75
Riccardo Innocenti;833881;7.75
Peter Shields;52098514;7.74
Darren Wood;61039457;7.72
Adam Allan;61095183;7.67
Adam McLean;2000094591;7.67
Aled Owen;74003210;7.67
Alessandro Ferri;1404996;7.67
Andrew Gibson;52014006;7.67
Archie Gardiner;61090003;7.67
Arthur King;2000247906;7.67
Billy Cairns;61097217;7.67
David Moir;2000081949;7.67
Eddie Cooper;29089624;7.67
Evan Jenkins;250414;7.67
Flemming Nielsen;89024951;7.67
Fred Lewis;2000076634;7.67
Giacomo Valentini;60030832;7.67
Giovanni Rosati;43500713;7.67
Gwyn Jones;35153841;7.67
Harry Freeman;88029681;7.67
Harry McDonald;31034685;7.67
Harry Thorpe;2000198129;7.67
Jack McQuillan;2000100468;7.67
Jack Miller;2000008838;7.67
Jack Peters;2000107398;7.67
Jack Wilkins;2000170572;7.67
James Gorman;29235539;7.67
Jimmy Williams;90086427;7.67
Joe Lloyd;2000067278;7.67
John Lewis;2000193361;7.67
Manuel Posada;2000144390;7.67
Pedro Moreno;67227154;7.67
Pietro Sforzin;43049842;7.67
Steven Tom;88028454;7.67
Thomas Harrison;2000011009;7.67
William Gibson;15082743;7.67
Peter Harrison;81011343;7.62
Bill Robertson;8609660;7.6
George Wickens;29210285;7.6
Jack Collins;2000227814;7.6
Jack Harrington;2000216419;7.6
Jack Parry;2000216431;7.6
Jacob Young;28110967;7.6
Juan Verdugo;14205929;7.6
Miguel Ángel Ruiz;2000182489;7.6
Peter Morris;2000010777;7.6
Richard Williams;2000160470;7.6
Rodrigo Muniz;19352610;7.6
William Thomson;59145567;7.6
Berat Çetinkaya;70036383;7.6
Sergio Aguza;67155107;7.6
Christofer Gonzáles;77028269;7.6
Pedro Pablo Velasco;86015653;7.6
Robert Costa;67174736;7.6
Víctor Barberà;2000134239;7.6
Soroush Rafiei;23127736;7.6
Raif Husic;91122830;7.6
David Evans;2000064376;7.6
Oliver Kilner;2000025281;7.6
Romain Habran;85096288;7.6
Andrea Ciolli;43006554;7.6
Billy Marshall;29009392;7.52
Charlie Thompson;2000130222;7.52
Dan Lewis;2000043960;7.52
Emlyn Jones;2000088275;7.52
Jack Bentley;29108062;7.52
Jack Little;29158138;7.52
Jack Mellor;2000009376;7.52
Jack Stanley;29158804;7.52
James Adams;89054840;7.52
James Ashworth;2000185373;7.52
Joe Cooper;2000009542;7.52
John Bennett;28037809;7.52
John Cooper;356772;7.52
John Currie;52045650;7.52
John Evans;2000011344;7.52
John James;35153835;7.52
John Mulholland;94034882;7.52
Johnny Key;2000056455;7.52
Karl Miller;354397;7.52
Matthew Edwards;2000016567;7.52
Paul Davies;74032649;7.52
Paul Mooney;74017351;7.52
Peter Paterson;2000030050;7.52
Phil Kelly;31035532;7.52
Pietro Ferrari;43599124;7.52
Robert Davies;35151387;7.52
Sam Shearer;15068324;7.52
Thomas Brown;2000015695;7.52
Tom Wilkes;2000044094;7.52
William Price;81062016;7.52
William Williams;35154218;7.52
George Scales;2000192567;7.52
Adriano García;2000200947;7.45
Billy Crook;29023018;7.45
Stephen James;352969;7.45
Miguel Ángel Cordero;1509914;7.45
Mathías Rodríguez;78078684;7.45
Dorian Babunski;67173160;7.45
Christian Cruz;86016871;7.45
Jérémy Guillemenot;98035166;7.45
Mátyás Tajti;67214639;7.45
Matty Willock;28085589;7.45
Giovanni Martina;1400993;7.45
Atila Varga;43124576;7.45
Carlos Alcaraz;14238164;7.45
Augusto Seedorf Owusu;2000104670;7.45
Francesco Brunetti;830540;7.45
Roberto Furlan;43500299;7.45
Keith Mason;2000223478;7.44
Tommy Booth;2000109218;7.4
David Butler;2000182706;7.38
Alan Hughes;61094441;7.37
Antonio Franco;79012939;7.37
Colin Nelson;45038978;7.37
Duncan Stewart;15077217;7.37
Jack Crompton;2000009787;7.37
Jack Owen;2000104519;7.37
James Cairns;2000064185;7.37
James Proctor;2000181797;7.37
John Davies;5110646;7.37
Robert Watson;36523505;7.37
Thomas Armstrong;2000192619;7.37
Tom Burrows;35155741;7.37
Tommy Cummings;2000061061;7.37
Miguel Márquez;78035730;7.3
Julio Iglesias;2000055048;7.3
Jon Bakero;96032471;7.3
Walter Cárdenas;77058499;7.3
Christian Alemán;86034352;7.3
Ballou Tabla;20041365;7.3
Felix Ruml;92028577;7.3
Marcel Zylla;91175721;7.3
Jack Grundy;29221695;7.3
James Bain;2000183861;7.3
True Grant;2000106502;7.3
Riccardo Mattelli;43092930;7.3
Roman Macek;43152466;7.3
Joss Didiba;43270424;7.3
Omar Tejeda;51001469;7.15
Luciano Boggio;78094298;7.15
Miguel Bañuz;67149092;7.15
Johan Arango;76016434;7.15
Aaron Peñafiel;86034160;7.15
Anderson Mina;86029645;7.15
Andrés Alay;86034158;7.15
Armando Solís;86009687;7.15
Carlos Quintero;86033278;7.15
Ezequiel Mastrolía;14025289;7.15
Roosevelt Oyola;86016874;7.15
Víctor Valarezo;80000440;7.15
Franklin Guerra;86015715;7.15
Marc Carmona;67295936;7.15
Duval Valverde;86069423;7.15
Joao Villamarín;77029304;7.15
Kevin Mina;86068886;7.15
Tito Valencia;86035192;7.15
Alexander Pinillo;86035413;7.15
Jonathan de la Cruz;86034976;7.15
Harry Chérrez;86031738;7.15
Ayrton Morales;86038983;7.15
Rodrigo Tarín;67183258;7.15
Julián Mina;86013157;7.15
Hernán Lino;86053648;7.15
Ezekiel Bassey;211684;7.15
Dani Morer;67225651;7.15
Joan Luque;31035800;7.15
Jimer Fory;76066517;7.15
Lucas Scholl;91126212;7.15
Thomas Mayer;16072330;7.15
Schuster;67157614;7.15
Alexander Sieghart;91157417;7.15
Matthias Strohmaier;91108029;7.15
Leon Fesser;91167612;7.15
Paul Will;91187681;7.15
Jannik Rochelt;91190254;7.15
Maximilian Zaiser;2000021342;7.15
Justin Butler;91204540;7.15
