oyuncu,populerlik,kaynak_tipi,kaynak,sebep
Ivko Ganchev,0.0,uzak,https://d138rdl3z47cng.cloudfront.net/Portrait_of_Ivko_Ganchev.tiff,host kapali (d138rdl3z47cng.cloudfront.net)
Bob Chatt,0.0,uzak,https://d138rdl3z47cng.cloudfront.net/Chatt.jpg,host kapali (d138rdl3z47cng.cloudfront.net)
David Speedie,0.0,uzak,https://d138rdl3z47cng.cloudfront.net/David%20Speedy.jpg,host kapali (d138rdl3z47cng.cloudfront.net)
Horace Barnes,0.0,uzak,https://d138rdl3z47cng.cloudfront.net/HBarnes.jpg,host kapali (d138rdl3z47cng.cloudfront.net)
Roy Paul,0.0,uzak,https://d138rdl3z47cng.cloudfront.net/RPaul1.jpg,host kapali (d138rdl3z47cng.cloudfront.net)
Frank Swift,0.0,uzak,https://d138rdl3z47cng.cloudfront.net/FSwift1.jpg,host kapali (d138rdl3z47cng.cloudfront.net)
Franco Causio,0.0,uzak,https://d138rdl3z47cng.cloudfront.net/CAUSIO.jpg,host kapali (d138rdl3z47cng.cloudfront.net)
Marco Delvecchio,0.0,uzak,https://d138rdl3z47cng.cloudfront.net/Ned-AllStars%20%2814%29.jpg,host kapali (d138rdl3z47cng.cloudfront.net)
Bernard Vukas,0.0,uzak,https://d138rdl3z47cng.cloudfront.net/Vukas.JPG,host kapali (d138rdl3z47cng.cloudfront.net)
Gerd Müller,0.0,uzak,https://d138rdl3z47cng.cloudfront.net/Gerd_M%25C3%25BCller_c1973_%28cropped%29.jpg,host kapali (d138rdl3z47cng.cloudfront.net)
David Targamadze,0.0,uzak,https://d138rdl3z47cng.cloudfront.net/%E1%83%93%E1%83%90%E1%83%95%E1%83%98%E1%83%97%20%E1%83%97%E1%83%90%E1%83%A0%E1%83%92%E1%83%90%E1%83%9B%E1%83%90%E1%83%AB%E1%83%94.jpg,host kapali (d138rdl3z47cng.cloudfront.net)
Ralf Zumdick,0.0,uzak,https://d138rdl3z47cng.cloudfront.net/Ralf%20zumdik.jpg,host kapali (d138rdl3z47cng.cloudfront.net)
Franck Jurietti,0.0,uzak,https://d138rdl3z47cng.cloudfront.net/Jurietti6.jpg,host kapali (d138rdl3z47cng.cloudfront.net)
Daniel Niculae,0.0,uzak,https://d138rdl3z47cng.cloudfront.net/12-06-05-aut-rom-freundschaftsspiel-208.jpg,host kapali (d138rdl3z47cng.cloudfront.net)
Sígfrid Gràcia,0.0,uzak,https://d138rdl3z47cng.cloudfront.net/Europa%20cup%201961%20Barcelona%20-%20Hamburg%20lineup.jpg,host kapali (d138rdl3z47cng.cloudfront.net)
Cristiano Bergodi,0.0,uzak,https://d138rdl3z47cng.cloudfront.net/%7C%20caption%20%20%20%20%20%20%20%20%3D%20Cristiano%20Bergodi%202023.jpg,host kapali (d138rdl3z47cng.cloudfront.net)
Massimo Ficcadenti,0.0,uzak,https://d138rdl3z47cng.cloudfront.net/Massimo%20Ficcadenti%20Updated.jpg,host kapali (d138rdl3z47cng.cloudfront.net)
Luke Robinson (Bermudan footballer),0.0,uzak,https://d138rdl3z47cng.cloudfront.net/Luke_Robinson_2023.pdf,host kapali (d138rdl3z47cng.cloudfront.net)
"Júlio César (football goalkeeper, born 1979)",0.0,uzak,https://d138rdl3z47cng.cloudfront.net/J%C3%BAlio%20C%C3%A9sar%20at%20Internazionale.jpg,host kapali (d138rdl3z47cng.cloudfront.net)
Telmo Zarra,0.0,uzak,https://d138rdl3z47cng.cloudfront.net/Zarra%2C%20Telmo%201950%20Estadio%200376.jpg,host kapali (d138rdl3z47cng.cloudfront.net)
Johnny Giles,0.0,uzak,https://d138rdl3z47cng.cloudfront.net/Giles%20in%202013.jpg,host kapali (d138rdl3z47cng.cloudfront.net)
Willy Sagnol,0.0,uzak,https://d138rdl3z47cng.cloudfront.net/%E1%83%95%E1%83%98%E1%83%9A%E1%83%98%20%E1%83%A1%E1%83%90%E1%83%9C%E1%83%98%E1%83%9D%E1%83%9A%E1%83%98.jpg,host kapali (d138rdl3z47cng.cloudfront.net)
Rab Howell,0.0,uzak,https://d138rdl3z47cng.cloudfront.net/Hab%20Howell.jpg,host kapali (d138rdl3z47cng.cloudfront.net)
Jorge Griffa,0.0,uzak,https://d138rdl3z47cng.cloudfront.net/Jorge_Griffa_Tapa_El_Gr%25C3%25A1fico_N%25C2%25B0_1939.jpg,host kapali (d138rdl3z47cng.cloudfront.net)
Fred Tilson,0.0,uzak,https://d138rdl3z47cng.cloudfront.net/FTilson1.jpg,host kapali (d138rdl3z47cng.cloudfront.net)
Daniel Jones,0.0,uzak,https://r2.thesportsdb.com/images/media/player/cutout/15001588.png,HTTP 404
Jon Stead,0.0,uzak,https://r2.thesportsdb.com/images/media/player/cutout/5123256.png,HTTP 404
Stefano Sorrentino,0.0,uzak,https://r2.thesportsdb.com/images/media/player/cutout/830062.png,HTTP 404
Andrade,0.0,uzak,https://r2.thesportsdb.com/images/media/player/cutout/748566.png,HTTP 404
Andy Kennedy,0.0,uzak,https://upload.wikimedia.org/wikipedia/commons/thumb/9/91/AndyKennedy.jpg/330px-AndyKennedy.jpg?utm_source=en.wikipedia.org&utm_campaign=api&utm_content=thumbnail,HTTP 429
Andy Thomas,0.0,uzak,https://upload.wikimedia.org/wikipedia/commons/thumb/e/e9/Astronaut_Andy_Thomas.jpg/330px-Astronaut_Andy_Thomas.jpg?utm_source=en.wikipedia.org&utm_campaign=api&utm_content=thumbnail,HTTP 429
Antón Arieta,0.0,uzak,https://upload.wikimedia.org/wikipedia/tr/e/e7/Anton_arieta.jpg?utm_source=tr.wikipedia.org&utm_campaign=api&utm_content=thumbnail_unscaled,HTTP 429
Andy McLaren,0.0,uzak,https://upload.wikimedia.org/wikipedia/commons/thumb/8/82/Andy_McLaren_2018.png/330px-Andy_McLaren_2018.png?utm_source=en.wikipedia.org&utm_campaign=api&utm_content=thumbnail,HTTP 429
Antonio Moreno,0.0,uzak,https://upload.wikimedia.org/wikipedia/commons/thumb/c/c9/Antonio_Moreno_1916.jpg/330px-Antonio_Moreno_1916.jpg?utm_source=en.wikipedia.org&utm_campaign=api&utm_content=thumbnail,HTTP 429
Ariel Ibagaza,0.0,uzak,https://upload.wikimedia.org/wikipedia/commons/thumb/6/62/Ariel_Ibagaza.jpg/330px-Ariel_Ibagaza.jpg?utm_source=tr.wikipedia.org&utm_campaign=api&utm_content=thumbnail,HTTP 429
Bill Fraser,0.0,uzak,https://upload.wikimedia.org/wikipedia/en/b/b5/Bill_fraser.jpg?utm_source=en.wikipedia.org&utm_campaign=api&utm_content=thumbnail_unscaled,HTTP 429
Bill Dempsey,0.0,uzak,https://upload.wikimedia.org/wikipedia/en/7/73/Bill_Dempsey.jpg?utm_source=en.wikipedia.org&utm_campaign=api&utm_content=thumbnail_unscaled,HTTP 429
Bill Eadie,0.0,uzak,https://upload.wikimedia.org/wikipedia/commons/thumb/b/be/Demolition_Ax_Bill_Eadie_2024_%28cropped%29.jpg/330px-Demolition_Ax_Bill_Eadie_2024_%28cropped%29.jpg?utm_source=en.wikipedia.org&utm_campaign=api&utm_content=thumbnail,HTTP 429
Bill McPherson,0.0,uzak,https://upload.wikimedia.org/wikipedia/commons/d/d6/BillMacPherson.jpg?utm_source=en.wikipedia.org&utm_campaign=api&utm_content=thumbnail_unscaled,HTTP 429
Bill Mason,0.0,uzak,https://upload.wikimedia.org/wikipedia/commons/thumb/7/73/Bill_Mason_09.jpg/330px-Bill_Mason_09.jpg?utm_source=en.wikipedia.org&utm_campaign=api&utm_content=thumbnail,HTTP 429
Bill Richardson,0.0,uzak,https://upload.wikimedia.org/wikipedia/commons/thumb/0/09/Bill_Richardson_at_an_event_in_Kensington%2C_New_Hampshire%2C_March_18%2C_2006.jpg/330px-Bill_Richardson_at_an_event_in_Kensington%2C_New_Hampshire%2C_March_18%2C_2006.jpg?utm_source=en.wikipedia.org&utm_campaign=api&utm_content=thumbnail,HTTP 429
Bill Williamson,0.0,uzak,https://upload.wikimedia.org/wikipedia/en/7/7d/BillWilliamson.jpg?utm_source=en.wikipedia.org&utm_campaign=api&utm_content=thumbnail_unscaled,HTTP 429
Billy Harper,0.0,uzak,https://upload.wikimedia.org/wikipedia/commons/thumb/d/d6/Billy_Harper_photo_2.jpg/330px-Billy_Harper_photo_2.jpg?utm_source=en.wikipedia.org&utm_campaign=api&utm_content=thumbnail,HTTP 429
Billy Higgins,0.0,uzak,https://upload.wikimedia.org/wikipedia/commons/thumb/4/47/Billy_Higgins.jpg/330px-Billy_Higgins.jpg?utm_source=en.wikipedia.org&utm_campaign=api&utm_content=thumbnail,HTTP 429
Cameron Buchanan,0.0,uzak,https://upload.wikimedia.org/wikipedia/commons/a/a3/CameronBuchananMSP20140129.jpg?utm_source=tr.wikipedia.org&utm_campaign=api&utm_content=thumbnail_unscaled,HTTP 429
Charles Cotton,0.0,uzak,https://upload.wikimedia.org/wikipedia/commons/thumb/8/88/British_%28English%29_School_-_Charles_Cotton_%281630%E2%80%931687%29_-_419831_-_National_Trust.jpg/330px-British_%28English%29_School_-_Charles_Cotton_%281630%E2%80%931687%29_-_419831_-_National_Trust.jpg?utm_source=en.wikipedia.org&utm_campaign=api&utm_content=thumbnail,HTTP 429
Charlie Parker,0.0,uzak,https://upload.wikimedia.org/wikipedia/commons/thumb/8/82/Portrait_of_Charlie_Parker_in_1947.jpg/330px-Portrait_of_Charlie_Parker_in_1947.jpg?utm_source=en.wikipedia.org&utm_campaign=api&utm_content=thumbnail,HTTP 429
Charlie Cox,0.0,uzak,https://upload.wikimedia.org/wikipedia/commons/thumb/0/06/Charlie_Cox_at_MCM_Brum_26_04.jpg/330px-Charlie_Cox_at_MCM_Brum_26_04.jpg?utm_source=en.wikipedia.org&utm_campaign=api&utm_content=thumbnail,HTTP 429
Charles Thomson,0.0,uzak,https://upload.wikimedia.org/wikipedia/commons/thumb/5/56/Charles_Thomson_full_portrait_-_Joseph_Wright_%28cropped%29.jpg/330px-Charles_Thomson_full_portrait_-_Joseph_Wright_%28cropped%29.jpg?utm_source=en.wikipedia.org&utm_campaign=api&utm_content=thumbnail,HTTP 429
Chris Ferguson,0.0,uzak,https://upload.wikimedia.org/wikipedia/commons/thumb/0/0b/Chris_Ferguson_2.jpg/330px-Chris_Ferguson_2.jpg?utm_source=en.wikipedia.org&utm_campaign=api&utm_content=thumbnail,HTTP 429
Chris Barnard,0.0,uzak,https://upload.wikimedia.org/wikipedia/commons/thumb/c/cb/Heart_transplant_pioneer_Barnard_here_on_Visit_%28FL61733185%29.jpg/330px-Heart_transplant_pioneer_Barnard_here_on_Visit_%28FL61733185%29.jpg?utm_source=en.wikipedia.org&utm_campaign=api&utm_content=thumbnail,HTTP 429
Dennis Martin,0.0,uzak,https://r2.thesportsdb.com/images/media/player/thumb/hfoyx71747757730.jpg,HTTP 404
Chupe,0.0,uzak,https://upload.wikimedia.org/wikipedia/commons/thumb/d/d4/Chupe_de_Camarones.jpg/330px-Chupe_de_Camarones.jpg?utm_source=en.wikipedia.org&utm_campaign=api&utm_content=thumbnail,HTTP 429
Chris Weller,0.0,uzak,https://upload.wikimedia.org/wikipedia/commons/thumb/a/a1/Chris_Weller.jpg/330px-Chris_Weller.jpg?utm_source=en.wikipedia.org&utm_campaign=api&utm_content=thumbnail,HTTP 429
Clive Day,0.0,uzak,https://upload.wikimedia.org/wikipedia/commons/thumb/8/87/Clive_Day_by_William_Sergeant_Kendall_1907.jpg/330px-Clive_Day_by_William_Sergeant_Kendall_1907.jpg?utm_source=en.wikipedia.org&utm_campaign=api&utm_content=thumbnail,HTTP 429
David Bain,0.0,uzak,https://upload.wikimedia.org/wikipedia/commons/thumb/6/68/Bain_family_memorial.jpg/330px-Bain_family_memorial.jpg?utm_source=en.wikipedia.org&utm_campaign=api&utm_content=thumbnail,HTTP 429
Dennis Edwards,0.0,uzak,https://upload.wikimedia.org/wikipedia/commons/thumb/e/ed/Dennis_Edwards_with_the_Temptations_in_1968.jpg/330px-Dennis_Edwards_with_the_Temptations_in_1968.jpg?utm_source=en.wikipedia.org&utm_campaign=api&utm_content=thumbnail,HTTP 429
Dean Edwards,0.0,uzak,https://upload.wikimedia.org/wikipedia/commons/thumb/f/fe/Dean_Edwards2.jpeg/330px-Dean_Edwards2.jpeg?utm_source=en.wikipedia.org&utm_campaign=api&utm_content=thumbnail,HTTP 429
Derek Gibbs,0.0,uzak,https://upload.wikimedia.org/wikipedia/commons/thumb/8/8d/Reel_Big_Fish_live_in_Santa_Cruz.jpg/330px-Reel_Big_Fish_live_in_Santa_Cruz.jpg?utm_source=en.wikipedia.org&utm_campaign=api&utm_content=thumbnail,HTTP 429
Eddie Fuller,0.0,uzak,https://upload.wikimedia.org/wikipedia/commons/d/d6/Eddie_Fuller_of_South_Africa.png?utm_source=en.wikipedia.org&utm_campaign=api&utm_content=thumbnail_unscaled,HTTP 429
Darren Hughes,0.0,uzak,https://upload.wikimedia.org/wikipedia/commons/3/3c/Darren_Hughes.jpg?utm_source=en.wikipedia.org&utm_campaign=api&utm_content=thumbnail_unscaled,HTTP 429
Billy Stewart,0.0,uzak,https://upload.wikimedia.org/wikipedia/en/d/d5/Billy-stewart-1.jpg?utm_source=en.wikipedia.org&utm_campaign=api&utm_content=thumbnail_unscaled,HTTP 429
Bernd Nickel,0.0,uzak,https://upload.wikimedia.org/wikipedia/commons/thumb/9/98/Bernd_Nickel-Autogramm.jpg/330px-Bernd_Nickel-Autogramm.jpg?utm_source=tr.wikipedia.org&utm_campaign=api&utm_content=thumbnail,HTTP 429
David Cross,0.0,uzak,https://upload.wikimedia.org/wikipedia/commons/thumb/1/10/David_Cross_Dan_Depew_WikiPortrait.jpg/330px-David_Cross_Dan_Depew_WikiPortrait.jpg?utm_source=en.wikipedia.org&utm_campaign=api&utm_content=thumbnail,HTTP 429
David Hamer,0.0,uzak,https://upload.wikimedia.org/wikipedia/commons/c/c6/David_Hamer_1970.jpg?utm_source=en.wikipedia.org&utm_campaign=api&utm_content=thumbnail_unscaled,HTTP 429
Edmundo Suárez,0.0,uzak,https://upload.wikimedia.org/wikipedia/commons/thumb/c/cc/Falla_Infantil_Tio_Pep_2019_%2812%29.jpg/330px-Falla_Infantil_Tio_Pep_2019_%2812%29.jpg?utm_source=tr.wikipedia.org&utm_campaign=api&utm_content=thumbnail,HTTP 429
Ernie Wilson,0.0,uzak,https://upload.wikimedia.org/wikipedia/commons/5/57/Ernie_Wilson_1925.jpg?utm_source=en.wikipedia.org&utm_campaign=api&utm_content=thumbnail_unscaled,HTTP 429
Frank Hyde,0.0,uzak,https://upload.wikimedia.org/wikipedia/commons/8/8d/Frank_Hyde_-_rugby_league_player.jpg?utm_source=en.wikipedia.org&utm_campaign=api&utm_content=thumbnail_unscaled,HTTP 429
Fred Hill,0.0,uzak,https://upload.wikimedia.org/wikipedia/commons/3/3b/Fred_Hill_coach_2013.jpg?utm_source=tr.wikipedia.org&utm_campaign=api&utm_content=thumbnail_unscaled,HTTP 429
George Bradburn,0.0,uzak,https://upload.wikimedia.org/wikipedia/commons/thumb/e/ef/George_Bradburn.jpg/330px-George_Bradburn.jpg?utm_source=en.wikipedia.org&utm_campaign=api&utm_content=thumbnail,HTTP 429
George Cummings,0.0,uzak,https://upload.wikimedia.org/wikipedia/commons/thumb/f/fa/Dr._Hook.png/330px-Dr._Hook.png?utm_source=en.wikipedia.org&utm_campaign=api&utm_content=thumbnail,HTTP 429
George Jones,0.0,uzak,https://upload.wikimedia.org/wikipedia/commons/thumb/8/85/George_Jones%2C_1976.png/330px-George_Jones%2C_1976.png?utm_source=en.wikipedia.org&utm_campaign=api&utm_content=thumbnail,HTTP 429
George Marshall,0.0,uzak,https://upload.wikimedia.org/wikipedia/commons/thumb/a/ab/General_George_C._Marshall%2C_official_military_photo%2C_1946_%28cropped%29%28c%29.JPEG/330px-General_George_C._Marshall%2C_official_military_photo%2C_1946_%28cropped%29%28c%29.JPEG?utm_source=en.wikipedia.org&utm_campaign=api&utm_content=thumbnail,HTTP 429
Gerry Kelly,0.0,uzak,https://upload.wikimedia.org/wikipedia/commons/thumb/5/58/Cropped_image_of_Gerry_Kelly_Jan_2015.jpg/330px-Cropped_image_of_Gerry_Kelly_Jan_2015.jpg?utm_source=en.wikipedia.org&utm_campaign=api&utm_content=thumbnail,HTTP 429
Gordon Bradley,0.0,uzak,https://upload.wikimedia.org/wikipedia/en/c/c0/Gordon_Bradley.jpg?utm_source=en.wikipedia.org&utm_campaign=api&utm_content=thumbnail_unscaled,HTTP 429
Gordon Neilson,0.0,uzak,https://upload.wikimedia.org/wikipedia/commons/thumb/5/5f/Colonel_Walter_Gordon_Neilson.jpg/330px-Colonel_Walter_Gordon_Neilson.jpg?utm_source=en.wikipedia.org&utm_campaign=api&utm_content=thumbnail,HTTP 429
Gökhan Keskin,0.0,uzak,https://upload.wikimedia.org/wikipedia/commons/thumb/2/22/BJK_19891015_10_0.png/330px-BJK_19891015_10_0.png?utm_source=tr.wikipedia.org&utm_campaign=api&utm_content=thumbnail,HTTP 429
Graham Collier,0.0,uzak,https://upload.wikimedia.org/wikipedia/en/d/dd/Grahamcollier.png?utm_source=en.wikipedia.org&utm_campaign=api&utm_content=thumbnail_unscaled,HTTP 429
Hassan Nader,0.0,uzak,https://upload.wikimedia.org/wikipedia/commons/b/bb/Hassan_Nader.jpg?utm_source=tr.wikipedia.org&utm_campaign=api&utm_content=thumbnail_unscaled,HTTP 429
Ian Moir,0.0,uzak,https://upload.wikimedia.org/wikipedia/en/2/21/Ian_Moir_1953.jpg?utm_source=en.wikipedia.org&utm_campaign=api&utm_content=thumbnail_unscaled,HTTP 429
Ian Robb,0.0,uzak,https://upload.wikimedia.org/wikipedia/commons/thumb/2/2b/Goderich_Ian_Robb_%282767506288%29.jpg/330px-Goderich_Ian_Robb_%282767506288%29.jpg?utm_source=en.wikipedia.org&utm_campaign=api&utm_content=thumbnail,HTTP 429
Ignacio Insa Bohigues,0.0,uzak,https://upload.wikimedia.org/wikipedia/commons/thumb/f/fc/Natxo_Insa.JPG/330px-Natxo_Insa.JPG?utm_source=en.wikipedia.org&utm_campaign=api&utm_content=thumbnail,HTTP 429
İsfendiyar Açıksöz,0.0,uzak,https://upload.wikimedia.org/wikipedia/tr/8/86/%C4%B0sfendiyar_A%C3%A7%C4%B1ks%C3%B6z.jpg?utm_source=tr.wikipedia.org&utm_campaign=api&utm_content=thumbnail_unscaled,HTTP 429
James Atherton,0.0,uzak,https://upload.wikimedia.org/wikipedia/commons/8/86/James_Atherton%2C_2013.jpg?utm_source=en.wikipedia.org&utm_campaign=api&utm_content=thumbnail_unscaled,HTTP 429
Jack Bradford,0.0,uzak,https://upload.wikimedia.org/wikipedia/commons/thumb/f/f5/Jack_Bradford_as_Jean_Valjean.jpg/330px-Jack_Bradford_as_Jean_Valjean.jpg?utm_source=en.wikipedia.org&utm_campaign=api&utm_content=thumbnail,HTTP 429
Jimmy Hope,0.0,uzak,https://upload.wikimedia.org/wikipedia/commons/1/11/James_%22Old_Jimmy%22_Hope_in_Professional_Criminals_of_America.png?utm_source=en.wikipedia.org&utm_campaign=api&utm_content=thumbnail_unscaled,HTTP 429
Jackie Smith,0.0,uzak,https://upload.wikimedia.org/wikipedia/commons/8/8b/JackieSmith.png?utm_source=en.wikipedia.org&utm_campaign=api&utm_content=thumbnail_unscaled,HTTP 429
James Robertson,0.0,uzak,https://upload.wikimedia.org/wikipedia/commons/e/ed/James_Robertson_by_Abdullah_Brothers%2C_CA._1875.jpg?utm_source=tr.wikipedia.org&utm_campaign=api&utm_content=thumbnail_unscaled,HTTP 429
Jan Hoffmann,0.0,uzak,https://upload.wikimedia.org/wikipedia/commons/3/37/Jan_Hoffmann.jpg?utm_source=en.wikipedia.org&utm_campaign=api&utm_content=thumbnail_unscaled,HTTP 429
Joe Dickson,0.0,uzak,https://upload.wikimedia.org/wikipedia/commons/8/85/Joe_Dickson.png?utm_source=en.wikipedia.org&utm_campaign=api&utm_content=thumbnail_unscaled,HTTP 429
Lee Jones,0.0,uzak,https://r2.thesportsdb.com/images/media/player/cutout/29009625.png,HTTP 404
Lee Marshall,0.0,uzak,https://r2.thesportsdb.com/images/media/player/cutout/2004819.png,HTTP 404
Marco De Marchi,0.0,uzak,https://r2.thesportsdb.com/images/media/player/cutout/3802294.png,HTTP 404
John Hampton,0.0,uzak,https://upload.wikimedia.org/wikipedia/commons/b/b6/John_Hampton.jpg?utm_source=en.wikipedia.org&utm_campaign=api&utm_content=thumbnail_unscaled,HTTP 429
John Hindmarsh,0.0,uzak,https://upload.wikimedia.org/wikipedia/commons/thumb/7/7e/John_Hindmarsh_2.jpeg/330px-John_Hindmarsh_2.jpeg?utm_source=en.wikipedia.org&utm_campaign=api&utm_content=thumbnail,HTTP 429
John McFarlane,0.0,uzak,https://upload.wikimedia.org/wikipedia/commons/4/4d/John_McFarlane.jpg?utm_source=en.wikipedia.org&utm_campaign=api&utm_content=thumbnail_unscaled,HTTP 429
John Napier,0.0,uzak,https://upload.wikimedia.org/wikipedia/commons/thumb/2/26/John_Napier_of_Merchiston%2C_1616.jpg/330px-John_Napier_of_Merchiston%2C_1616.jpg?utm_source=en.wikipedia.org&utm_campaign=api&utm_content=thumbnail,HTTP 429
John Standing,0.0,uzak,https://upload.wikimedia.org/wikipedia/commons/thumb/0/0e/Sir_John_Standing.jpg/330px-Sir_John_Standing.jpg?utm_source=en.wikipedia.org&utm_campaign=api&utm_content=thumbnail,HTTP 429
John Savage,0.0,uzak,https://upload.wikimedia.org/wikipedia/commons/thumb/b/be/AV0A6718_John_Savage_%28crop%29.jpg/330px-AV0A6718_John_Savage_%28crop%29.jpg?utm_source=tr.wikipedia.org&utm_campaign=api&utm_content=thumbnail,HTTP 429
John Sewell,0.0,uzak,https://upload.wikimedia.org/wikipedia/commons/0/09/John_Sewell_with_Eaton_Centre_model_%28cropped%29.jpg?utm_source=en.wikipedia.org&utm_campaign=api&utm_content=thumbnail_unscaled,HTTP 429
Laurent Viaud,0.0,uzak,https://upload.wikimedia.org/wikipedia/commons/1/16/Laurent_Viaud_%2821_May_1998%29_%28cropped%29.jpg?utm_source=en.wikipedia.org&utm_campaign=api&utm_content=thumbnail_unscaled,HTTP 429
Keith Scott,0.0,uzak,https://upload.wikimedia.org/wikipedia/commons/c/c1/Kei.jpg?utm_source=tr.wikipedia.org&utm_campaign=api&utm_content=thumbnail_unscaled,HTTP 429
Lino Cason,0.0,uzak,https://upload.wikimedia.org/wikipedia/commons/1/11/Lino_Cason_%28cropped%29.jpg?utm_source=en.wikipedia.org&utm_campaign=api&utm_content=thumbnail_unscaled,HTTP 429
Louis Harris,0.0,uzak,https://upload.wikimedia.org/wikipedia/commons/9/9d/Louis_Harris_-_Nixon_Contact_Sheet_WHPO-7500_%28cropped%29.jpg?utm_source=en.wikipedia.org&utm_campaign=api&utm_content=thumbnail_unscaled,HTTP 429
Maurice McDermott,0.0,uzak,https://upload.wikimedia.org/wikipedia/commons/5/58/Mickey_McDermott_1953.jpg?utm_source=en.wikipedia.org&utm_campaign=api&utm_content=thumbnail_unscaled,HTTP 429
Michał Rosiak,0.0,uzak,https://upload.wikimedia.org/wikipedia/commons/a/a9/Michal_Rosiak.png?utm_source=en.wikipedia.org&utm_campaign=api&utm_content=thumbnail_unscaled,HTTP 429
Paul Morrell,0.0,uzak,https://upload.wikimedia.org/wikipedia/commons/thumb/5/5b/Paul_Morrell.png/330px-Paul_Morrell.png?utm_source=en.wikipedia.org&utm_campaign=api&utm_content=thumbnail,HTTP 429
Peter Cartwright,0.0,uzak,https://upload.wikimedia.org/wikipedia/commons/8/88/Peter_Cartwright_%28cropped%29.jpg?utm_source=tr.wikipedia.org&utm_campaign=api&utm_content=thumbnail_unscaled,HTTP 429
Renato Dirnei Florêncio,0.0,uzak,https://upload.wikimedia.org/wikipedia/commons/9/92/Renato.jpg?utm_source=tr.wikipedia.org&utm_campaign=api&utm_content=thumbnail_unscaled,HTTP 429
Richard Gibson,0.0,uzak,https://upload.wikimedia.org/wikipedia/commons/thumb/3/3b/Stockholmsm%C3%A4ssan_2011_bild_15.jpg/330px-Stockholmsm%C3%A4ssan_2011_bild_15.jpg?utm_source=en.wikipedia.org&utm_campaign=api&utm_content=thumbnail,HTTP 429
Robert Lowe,0.0,uzak,https://upload.wikimedia.org/wikipedia/en/b/bd/Robert_Lowe%2C_1st_Viscount_Sherbrooke.jpg?utm_source=en.wikipedia.org&utm_campaign=api&utm_content=thumbnail_unscaled,HTTP 429
Richard Riley,0.0,uzak,https://upload.wikimedia.org/wikipedia/commons/thumb/d/db/Portrait_of_SC_Governor_Dick_Riley.jpg/330px-Portrait_of_SC_Governor_Dick_Riley.jpg?utm_source=en.wikipedia.org&utm_campaign=api&utm_content=thumbnail,HTTP 429
Robert Evans,0.0,uzak,https://upload.wikimedia.org/wikipedia/commons/thumb/1/1d/RobertEvansHWOFJul2012_%28cropped%29.jpg/330px-RobertEvansHWOFJul2012_%28cropped%29.jpg?utm_source=en.wikipedia.org&utm_campaign=api&utm_content=thumbnail,HTTP 429
Robert Tannahill,0.0,uzak,https://upload.wikimedia.org/wikipedia/commons/3/3e/Robert_Tannahill.jpg?utm_source=en.wikipedia.org&utm_campaign=api&utm_content=thumbnail_unscaled,HTTP 429
Robert Smillie,0.0,uzak,https://upload.wikimedia.org/wikipedia/en/thumb/a/af/Smillie-Robert.jpg/330px-Smillie-Robert.jpg?utm_source=en.wikipedia.org&utm_campaign=api&utm_content=thumbnail,HTTP 429
