oyuncu,kaynak_tipi,durum,not
Ivko Ganchev,uzak,OLU,host kapali (d138rdl3z47cng.cloudfront.net)
Bob Chatt,uzak,OLU,host kapali (d138rdl3z47cng.cloudfront.net)
David Speedie,uzak,OLU,host kapali (d138rdl3z47cng.cloudfront.net)
Horace Barnes,uzak,OLU,host kapali (d138rdl3z47cng.cloudfront.net)
Roy Paul,uzak,OLU,host kapali (d138rdl3z47cng.cloudfront.net)
Frank Swift,uzak,OLU,host kapali (d138rdl3z47cng.cloudfront.net)
Franco Causio,uzak,OLU,host kapali (d138rdl3z47cng.cloudfront.net)
Marco Delvecchio,uzak,OLU,host kapali (d138rdl3z47cng.cloudfront.net)
Bernard Vukas,uzak,OLU,host kapali (d138rdl3z47cng.cloudfront.net)
Gerd Müller,uzak,OLU,host kapali (d138rdl3z47cng.cloudfront.net)
David Targamadze,uzak,OLU,host kapali (d138rdl3z47cng.cloudfront.net)
Ralf Zumdick,uzak,OLU,host kapali (d138rdl3z47cng.cloudfront.net)
Franck Jurietti,uzak,OLU,host kapali (d138rdl3z47cng.cloudfront.net)
Daniel Niculae,uzak,OLU,host kapali (d138rdl3z47cng.cloudfront.net)
Sígfrid Gràcia,uzak,OLU,host kapali (d138rdl3z47cng.cloudfront.net)
Cristiano Bergodi,uzak,OLU,host kapali (d138rdl3z47cng.cloudfront.net)
Massimo Ficcadenti,uzak,OLU,host kapali (d138rdl3z47cng.cloudfront.net)
Luke Robinson (Bermudan footballer),uzak,OLU,host kapali (d138rdl3z47cng.cloudfront.net)
"Júlio César (football goalkeeper, born 1979)",uzak,OLU,host kapali (d138rdl3z47cng.cloudfront.net)
Telmo Zarra,uzak,OLU,host kapali (d138rdl3z47cng.cloudfront.net)
Johnny Giles,uzak,OLU,host kapali (d138rdl3z47cng.cloudfront.net)
Willy Sagnol,uzak,OLU,host kapali (d138rdl3z47cng.cloudfront.net)
Rab Howell,uzak,OLU,host kapali (d138rdl3z47cng.cloudfront.net)
Jorge Griffa,uzak,OLU,host kapali (d138rdl3z47cng.cloudfront.net)
Fred Tilson,uzak,OLU,host kapali (d138rdl3z47cng.cloudfront.net)
Daniel Jones,uzak,OLU,HTTP 404
Jon Stead,uzak,OLU,HTTP 404
Stefano Sorrentino,uzak,OLU,HTTP 404
Andrade,uzak,OLU,HTTP 404
Aliaksandr Hleb,uzak,YUKLENDI,
Aléxis Thébaux,uzak,YUKLENDI,
Alun Armstrong,uzak,YUKLENDI,
Allan Graham,uzak,YUKLENDI,
Alistair John,uzak,YUKLENDI,
Andy Ducat,uzak,YUKLENDI,
Aristide Coscia,uzak,YUKLENDI,
Andy Kennedy,uzak,OLU,HTTP 429
Andy Thomas,uzak,OLU,HTTP 429
Antón Arieta,uzak,OLU,HTTP 429
Andy McLaren,uzak,OLU,HTTP 429
Antonio Moreno,uzak,OLU,HTTP 429
Billy Bassett,uzak,YUKLENDI,
Ariel Ibagaza,uzak,OLU,HTTP 429
Billy Evans,uzak,YUKLENDI,
Bill Fraser,uzak,OLU,HTTP 429
Bill Dempsey,uzak,OLU,HTTP 429
Bill Eadie,uzak,OLU,HTTP 429
Billy Hughes,uzak,YUKLENDI,
Bill McPherson,uzak,OLU,HTTP 429
Bill Mason,uzak,OLU,HTTP 429
Capone,uzak,YUKLENDI,
Bill Richardson,uzak,OLU,HTTP 429
Carlos Henrique dos Santos Souza,uzak,YUKLENDI,
Bill Williamson,uzak,OLU,HTTP 429
Billy Harper,uzak,OLU,HTTP 429
Billy Higgins,uzak,OLU,HTTP 429
Cameron Buchanan,uzak,OLU,HTTP 429
Charles Cotton,uzak,OLU,HTTP 429
Con Sullivan,uzak,YUKLENDI,
Dave Walker,uzak,YUKLENDI,
Charlie Parker,uzak,OLU,HTTP 429
Charlie Cox,uzak,OLU,HTTP 429
David Barnes,uzak,YUKLENDI,
David Byrne,uzak,YUKLENDI,
Charles Thomson,uzak,OLU,HTTP 429
David Bradley,uzak,YUKLENDI,
Chris Ferguson,uzak,OLU,HTTP 429
David Coleman,uzak,YUKLENDI,
Chris Barnard,uzak,OLU,HTTP 429
Dennis Martin,uzak,OLU,HTTP 404
Chupe,uzak,OLU,HTTP 429
David Prentice,uzak,YUKLENDI,
Chris Weller,uzak,OLU,HTTP 429
David Harvey,uzak,YUKLENDI,
Don Gibson,uzak,YUKLENDI,
Alfredo Rojas,uzak,YUKLENDI,
Clive Day,uzak,OLU,HTTP 429
David Bain,uzak,OLU,HTTP 429
Endogan Adili,uzak,YUKLENDI,
Dennis Edwards,uzak,OLU,HTTP 429
Enrique Molina,uzak,YUKLENDI,
Dean Edwards,uzak,OLU,HTTP 429
Eric Gill,uzak,YUKLENDI,
Derek Gibbs,uzak,OLU,HTTP 429
Eric Williams,uzak,YUKLENDI,
Filippo Scotti,uzak,YUKLENDI,
Eddie Fuller,uzak,OLU,HTTP 429
Darren Hughes,uzak,OLU,HTTP 429
Billy Stewart,uzak,OLU,HTTP 429
Francisco Medina Luna,uzak,YUKLENDI,
Bernd Nickel,uzak,OLU,HTTP 429
David Cross,uzak,OLU,HTTP 429
David Hamer,uzak,OLU,HTTP 429
Freddie Scott,uzak,YUKLENDI,
Fred Thompson,uzak,YUKLENDI,
Gary Moore,uzak,YUKLENDI,
Gary Locke,uzak,YUKLENDI,
Edmundo Suárez,uzak,OLU,HTTP 429
Eduard Oriol,uzak,YUKLENDI,
Gary Pierce,uzak,YUKLENDI,
George Chapman,uzak,YUKLENDI,
Gordon Brown,uzak,YUKLENDI,
Ernie Wilson,uzak,OLU,HTTP 429
Frank Hyde,uzak,OLU,HTTP 429
Guillermo Mendizábal,uzak,YUKLENDI,
Fred Hill,uzak,OLU,HTTP 429
George Bradburn,uzak,OLU,HTTP 429
Hamed Namouchi,uzak,YUKLENDI,
George Cummings,uzak,OLU,HTTP 429
Hakan Yakın,uzak,YUKLENDI,
Harold Hughes,uzak,YUKLENDI,
George Jones,uzak,OLU,HTTP 429
George Marshall,uzak,OLU,HTTP 429
Gerry Kelly,uzak,OLU,HTTP 429
Hugh Evans,uzak,YUKLENDI,
Gordon Bradley,uzak,OLU,HTTP 429
Hugh Kerr,uzak,YUKLENDI,
Gordon Neilson,uzak,OLU,HTTP 429
Ian Brennan,uzak,YUKLENDI,
Gökhan Keskin,uzak,OLU,HTTP 429
Hugh McDonald,uzak,YUKLENDI,
Ian Donald,uzak,YUKLENDI,
Graham Collier,uzak,OLU,HTTP 429
Hassan Nader,uzak,OLU,HTTP 429
John Beattie,uzak,YUKLENDI,
Ian Moir,uzak,OLU,HTTP 429
John Cornforth,uzak,YUKLENDI,
Ian Robb,uzak,OLU,HTTP 429
Ignacio Insa Bohigues,uzak,OLU,HTTP 429
İsfendiyar Açıksöz,uzak,OLU,HTTP 429
John Faulkner,uzak,YUKLENDI,
James Atherton,uzak,OLU,HTTP 429
Jack Bradford,uzak,OLU,HTTP 429
John Dillon,uzak,YUKLENDI,
Jimmy Hope,uzak,OLU,HTTP 429
John Fisher,uzak,YUKLENDI,
Jackie Smith,uzak,OLU,HTTP 429
John Harrison,uzak,YUKLENDI,
James Robertson,uzak,OLU,HTTP 429
Jan Hoffmann,uzak,OLU,HTTP 429
John Jones,uzak,YUKLENDI,
John Law,uzak,YUKLENDI,
John Lavery,uzak,YUKLENDI,
Joe Dickson,uzak,OLU,HTTP 429
John Morrissey,uzak,YUKLENDI,
John Neal,uzak,YUKLENDI,
John Oliver,uzak,YUKLENDI,
Lee Jones,uzak,OLU,HTTP 404
Lee Marshall,uzak,OLU,HTTP 404
Ken Thompson,uzak,YUKLENDI,
Marco De Marchi,uzak,OLU,HTTP 404
John Hampton,uzak,OLU,HTTP 429
John Hindmarsh,uzak,OLU,HTTP 429
John McFarlane,uzak,OLU,HTTP 429
Paddy McGuire,uzak,YUKLENDI,
John Napier,uzak,OLU,HTTP 429
John Standing,uzak,OLU,HTTP 429
Pancho Gonzales,uzak,YUKLENDI,
John Savage,uzak,OLU,HTTP 429
John Sewell,uzak,OLU,HTTP 429
Paul Allen,uzak,YUKLENDI,
Pat Parker,uzak,YUKLENDI,
Laurent Viaud,uzak,OLU,HTTP 429
Paul Bowles,uzak,YUKLENDI,
Keith Scott,uzak,OLU,HTTP 429
Paul Henderson,uzak,YUKLENDI,
Paul Baxter,uzak,YUKLENDI,
Lino Cason,uzak,OLU,HTTP 429
Paul Davies,uzak,YUKLENDI,
Paul McCarthy,uzak,YUKLENDI,
Louis Harris,uzak,OLU,HTTP 429
Richard Carpenter,uzak,YUKLENDI,
Maurice McDermott,uzak,OLU,HTTP 429
Reginald Weaver,uzak,YUKLENDI,
Reşit Kaynak,uzak,YUKLENDI,
Richard Guy,uzak,YUKLENDI,
Michał Rosiak,uzak,OLU,HTTP 429
Paul Morrell,uzak,OLU,HTTP 429
Peter Cartwright,uzak,OLU,HTTP 429
Renato Dirnei Florêncio,uzak,OLU,HTTP 429
Richard Gibson,uzak,OLU,HTTP 429
Robert Lowe,uzak,OLU,HTTP 429
Richard Riley,uzak,OLU,HTTP 429
Robert Evans,uzak,OLU,HTTP 429
Robert Tannahill,uzak,OLU,HTTP 429
Robert Smillie,uzak,OLU,HTTP 429
