tip,oyuncu,kulup,detay
kulup eklendi,Sofyan Amrabat,Ajax,Utrecht | Feyenoord | Club Brugge | Hellas Verona | Fiorentina | Manchester United | Fenerbahçe | Betis | Ajax
kulup eklendi,Thilo Kehrer,Ajax,Schalke 04 II | Schalke 04 | Paris Saint-Germain | West Ham United | Monaco | Ajax
kulup eklendi,Simon Adingra,Ajax,Nordsjælland | Brighton & Hove Albion | Union SG | Sunderland | Monaco | Ajax
kulup eklendi,Viktor Tsyhankov,Ajax,Dynamo Kyiv | Girona | Ajax
kulup eklendi,Abdoulaye Camara,Ajax,Onze Créateurs | Koper | Udinese | Cercle Brugge | Castel di Sangro | La Louvière | Grenoble | FC AK | Butcherfille Rovers Durban | Échirolles | Ajax
kulup eklendi,Axel Tuanzebe,Auxerre,Manchester United | Aston Villa | Napoli | Stoke City | Ipswich Town | Burnley | Auxerre
kulup eklendi,Cameron Archer,Auxerre,Aston Villa | Solihull Moors | Preston North End | Middlesbrough | Sheffield United | Southampton | Auxerre
kulup eklendi,Pierre Ekwah,Auxerre,Sunderland | Saint-Étienne | Watford | Auxerre
kulup eklendi,Wei Xiangxin,Auxerre,Guangdong Mingtu | Meizhou Hakka | AJ Auxerre | Auxerre
kulup eklendi,Volkan Babacan,Başakşehir,Fenerbahçe | İstanbulspor | Kayserispor | Manisaspor | İstanbul Başakşehir | Başakşehir
kulup eklendi,Jerome Opoku,Başakşehir,Fulham | Accrington Stanley | Plymouth Argyle | Vejle | Arouca | İstanbul Başakşehir | Başakşehir
kulup eklendi,Onur Ergün,Başakşehir,Menemenspor | Çiğli Belediyespor | 1928 Bucaspor | İstanbulspor | Hatayspor | İstanbul Başakşehir | Başakşehir
kulup eklendi,Onur Bulut,Başakşehir,VfL Bochum II | VfL Bochum | SC Freiburg | Eintracht Braunschweig | Alanyaspor | Çaykur Rizespor | Kayserispor | Beşiktaş | İstanbul Başakşehir | Başakşehir
kulup eklendi,Yusuf Sarı,Başakşehir,Marseille B | Marseille | Clermont | Trabzonspor | Çaykur Rizespor | Adana Demirspor | İstanbul Başakşehir | Olympique Marseille | Clermont Foot | Başakşehir
kulup eklendi,Olivier Kemen,Başakşehir,Lyon B | Lyon | Gazélec Ajaccio | Chamois Niortais | Kayserispor | İstanbul Başakşehir | Başakşehir
kulup eklendi,Davie Selke,Başakşehir,Werder Bremen | RB Leipzig | Hertha BSC | 1. FC Köln | Hamburger SV | İstanbul Başakşehir | Başakşehir
kulup eklendi,Edin Višća,Başakşehir,Budućnost Banovići | Željezničar | İstanbul Başakşehir | Trabzonspor | Başakşehir
kulup eklendi,Abbosbek Fayzullaev,Başakşehir,Pakhtakor | CSKA Moscow | İstanbul Başakşehir | Başakşehir
kulup eklendi,Eldor Shomurodov,Başakşehir,Mash'al Mubarek | Bunyodkor | Rostov | Genoa | Roma | Spezia | Cagliari | İstanbul Başakşehir | Başakşehir
kulup eklendi,Muhammed Şengezer,Başakşehir,Bursaspor | Yeşil Bursa | İstanbul Başakşehir | Adana Demirspor | Başakşehir
kulup eklendi,Umut Bozok,Başakşehir,Metz B | Consolat | Nîmes | Lorient | Troyes | Kasımpaşa | Trabzonspor | Eyüpspor | Başakşehir
kulup eklendi,Jakub Kałuziński,Başakşehir,Lechia Gdańsk II | Lechia Gdańsk | Antalyaspor | İstanbul Başakşehir | Başakşehir
kulup eklendi,Berkay Özcan,Başakşehir,VfB Stuttgart | VfB Stuttgart II | Hamburger SV | İstanbul Başakşehir | Çaykur Rizespor | Fatih Karagümrük | Başakşehir
kulup eklendi,Umut Güneş,Başakşehir,VfB Stuttgart II | Alanyaspor | Trabzonspor | İstanbul Başakşehir | Başakşehir
kulup eklendi,Christopher Opéri,Başakşehir,Caen II | Châteauroux II | Châteauroux | Gent | Le Havre | İstanbul Başakşehir | Başakşehir
kulup eklendi,Ousseynou Ba,Başakşehir,Gazélec Ajaccio | Olympiacos | İstanbul Başakşehir | Başakşehir
kulup eklendi,Michał Karbownik,Başakşehir,Legia Warsaw II | Legia Warsaw | Brighton & Hove Albion | Olympiacos | Olympiacos B | Fortuna Düsseldorf | Fortuna Düsseldorf II | Hertha BSC | İstanbul Başakşehir | Başakşehir
kulup eklendi,Ömer Ali Şahiner,Başakşehir,Konya Şekerspor | Konyaspor | İstanbul Başakşehir | Başakşehir
kulup eklendi,Andreas Skov Olsen,Başakşehir,Nordsjælland | Bologna | Club Brugge | VfL Wolfsburg | Rangers | İstanbul Başakşehir | Başakşehir
kulup eklendi,Ivan Brnić,Başakşehir,Hajduk Split II | Hajduk Split | Dugopolje | Maribor | Olympiacos | Olympiacos B | Celje | İstanbul Başakşehir | Başakşehir
kulup eklendi,Deniz Dilmen,Başakşehir,İstanbul Başakşehir | Pendikspor | Başakşehir
kulup eklendi,Ahmet Karademir,Bodrumspor,Konyaspor | Karaman | Isparta 32 | Bodrumspor
kulup eklendi,Görkem Bitin,Bodrumspor,Nazilli Belediyespor | Kırklarelispor | Eyüpspor | Pendikspor | Ankara Keçiörengücü | Bodrumspor
kulup eklendi,Kerem Kalafat,Bodrumspor,Beşiktaş | Giresunspor | Uşakspor | Çaykur Rizespor | Çorum F.K. | Bodrumspor
kulup eklendi,Adnan Uğur,Bodrumspor,Fortuna Sittard | Dordrecht | Fatih Karagümrük | Gorica | Pendikspor | Bodrumspor
kulup eklendi,Utku Yuvakuran,Bodrumspor,Beylerbeyi | Beşiktaş | Fatih Karagümrük | Beykoz Anadolu | Pendikspor | Bodrumspor
kulup eklendi,Emrah Başsan,Bodrumspor,Pendikspor | Antalyaspor | Galatasaray | Çaykur Rizespor | Fortuna Sittard | Vitória Setúbal | BB Erzurumspor | Kayserispor | Sivasspor | Amedspor | Bodrumspor
kulup eklendi,Michele Di Gregorio,Bournemouth,Inter Milan | Renate | Novara | Pordenone | Monza | Juventus | Bournemouth
kulup eklendi,Giovani Versini,Brest,Marseille B | Clermont B | FC Bourgoin-Jallieu | LB Châteauroux | Pau | Brest
kulup eklendi,Noah Edjouma,Brest,Toulouse II | Toulouse | Lille | Brest
kulup eklendi,Mathieu Patouillet,Brest,Lyon B | Lyon | Sochaux | Al Hilal | Brest
kulup eklendi,Rubén Sánchez,Elche,Espanyol B | Espanyol | Mirandés | Granada | Elche
kulup eklendi,Thomas Lemar,Elche,Caen II | Caen | Monaco | Atlético Madrid | Girona | Elche
kulup eklendi,Ertuğrul Taşkıran,Erzurumspor,Fenerbahçe | Samsunspor | Kayserispor | Sivasspor | Boluspor | Konyaspor | Kasımpaşa | Alanyaspor | Erzurumspor
kulup eklendi,Ibrahim Diabate,Erzurumspor,ASEC Mimosas | Ivoire Académie | Mallorca B | Sevilla B | Mallorca | Atlético Madrid B | Västerås SK | GAIS | Alavés | Erzurumspor
kulup eklendi,Miguel Cardoso,Erzurumspor,Real Massamá | Deportivo B | Deportivo La Coruña | União Madeira | Tondela | Dynamo Moscow | Tambov | B-SAD | Kayserispor | Erzurumspor
kulup eklendi,Elisha Owusu,Erzurumspor,Lyon B | Lyon | Sochaux | Gent | Auxerre | Erzurumspor
kulup eklendi,Ataberk Dadakdeniz,Gaziantep,Bursaspor | Antalyaspor | Erzurumspor | Sakaryaspor | Gaziantep
kulup eklendi,Abakar Sylla,Gaziantep,Club Brugge | Strasbourg | Strasbourg B | Nantes | Nantes B | Gaziantep
kulup eklendi,Kingsley Ehizibue,Genoa,PEC Zwolle | 1. FC Köln | Udinese | Genoa
kulup eklendi,Cody Drameh,Genoa,Leeds United | Cardiff City | Luton Town | Birmingham City | Hull City | Genoa
kulup eklendi,Milutin Osmajić,Genoa,Sutjeska Nikšić | Cádiz B | Cádiz | Bandırmaspor | Vizela | Preston North End | Genoa
kulup eklendi,Juan,Göztepe,Flamengo | Bayer Leverkusen | Roma | Internacional | Göztepe
kulup eklendi,Gökdeniz Bayrakdar,Göztepe,Kocaelispor | Antalyaspor | Bodrumspor | Bodrum | Göztepe
kulup eklendi,Noah Sonko Sundberg,Göztepe,AIK | GIF Sundsvall | Östersunds | Levski Sofia | Ludogorets Razgrad | Sivasspor | Aris | Göztepe
kulup eklendi,Tino Anjorin,Göztepe,Chelsea | Lokomotiv Moscow | Huddersfield Town | Portsmouth | Empoli | Torino | Göztepe
kulup eklendi,Yann Bisseck,Internazionale,1. FC Köln | 1. FC Köln II | Holstein Kiel | Holstein Kiel II | Roda JC | Vitória Guimarães B | AGF | Inter Milan | Internazionale
kulup eklendi,Mattia Mosconi,Internazionale,Inter Milan U23 | Inter Milan | Internazionale
kulup eklendi,Jamal Iddrissou,Internazionale,Inter Milan U23 | Inter Milan | Internazionale
kulup eklendi,Andreas Gianniotis,Kasımpaşa,Ethnikos Gazoros | Olympiacos | Fostiras | PAS Giannina | Panionios | Atromitos | Maccabi Tel Aviv | Kasimpasa | Kasımpaşa
kulup eklendi,Kévin Mouanga,Kasımpaşa,Angers II | Angers | Annecy | Lausanne-Sport | Kasımpaşa
kulup eklendi,Ayberk Karapo,Kasımpaşa,Manisa | Çaykur Rizespor | Kasımpaşa
kulup eklendi,Ömer Bayram,Kasımpaşa,NAC | Kayserispor | Akhisarspor | Galatasaray | Eyüpspor | Amedspor | Sarıyer | Kasımpaşa
kulup eklendi,Jesurun Rak-Sakyi,Kasımpaşa,Crystal Palace | Charlton Athletic | Sheffield United | Çaykur Rizespor | Stoke City | Kasımpaşa
kulup eklendi,José Antonio Caro,Las Palmas,Betis B | Betis | Elche | Córdoba | Albacete | Osijek | UCAM Murcia | Linares | Melilla | Estepona | Las Palmas
kulup eklendi,Ahmed Touba,Le Havre,Club Brugge | OH Leuven | Beroe | Waalwijk | İstanbul Başakşehir | Lecce | Mechelen | Panathinaikos | Le Havre
kulup eklendi,Elias Jelert,Le Havre,Copenhagen | Galatasaray | Southampton | Le Havre
kulup eklendi,Gauthier Gallon,Le Havre,Nîmes B | Nîmes | Orléans | Troyes | Rennes | Dender EH | Le Havre
kulup eklendi,Ali Dembélé,Lecce,Troyes II | Torino | Venezia | Mantova | Lecce
kulup eklendi,Ivan Ilić,Lecce,Red Star Belgrade | Manchester City | Zemun | NAC Breda | Hellas Verona | Torino | Lecce
kulup eklendi,Paco Esteban,Lecce,Granada B | Granada | Málaga B | Málaga | Ciudad Murcia | Poli Ejido | Granada 74 | Girona | Elche | Ontinyent | Alcoyano | Lecce
kulup eklendi,Niko Kovač,Lecce,Hertha Zehlendorf | Hertha BSC II | Hertha BSC | Bayer Leverkusen | Hamburger SV | Bayern Munich | Red Bull Salzburg | Lecce
kulup eklendi,Jean-Clair Todibo,Lens,Toulouse B | Toulouse | Barcelona | Schalke 04 | Benfica | Nice | West Ham United | Lens
kulup eklendi,Junior Kadile,Lens,Rennes B | Rennes | Famalicão | Laval | Almere City | Servette | Lens
kulup eklendi,Petar Ratkov,Levante,TSC | Red Bull Salzburg | Lazio | Levante
kulup eklendi,Axel Tape,Levante,Paris Saint-Germain | Bayer Leverkusen | Levante
kulup eklendi,Dilane Bakwa,Lille,Bordeaux B | Bordeaux | Strasbourg | Nottingham Forest | Lille
kulup eklendi,David López,Mallorca,Espanyol B | Terrassa | Espanyol | Leganés | Huesca | Napoli | Girona | Mallorca
kulup eklendi,Alberto Moreno,Mallorca,Sevilla Atlético | Sevilla | Liverpool | Villarreal | Como | Mallorca
kulup eklendi,Adam Buksa,Mallorca,Lechia Gdańsk | Lechia Gdańsk II | Zagłębie Lubin | Zagłębie Lubin II | Pogoń Szczecin | New England Revolution | Lens | Lens II | Antalyaspor | Midtjylland | Udinese | Mallorca
kulup eklendi,Yanis Zouaoui,Montpellier,Martigues | Toulon | Foresta Suceava | Le Havre | Montpellier
kulup eklendi,Saba Goglichidze,Monza,Torpedo Kutaisi | Empoli | Udinese | Watford | Monza
kulup eklendi,Jan Ziółkowski,Monza,Legia Warsaw II | Legia Warsaw | Roma | Monza
kulup eklendi,Cyril Ngonge,Monza,Club Brugge | Jong PSV | RKC Waalwijk | Groningen | Hellas Verona | Napoli | Torino | Espanyol | Monza
kulup eklendi,Michael Folorunsho,Monza,Virtus Francavilla | Napoli | Bari | Reggina | Pordenone | Hellas Verona | Fiorentina | Cagliari | Monza
kulup eklendi,Fodé Doucouré,Nantes,Reims B | Reims | Red Star | Le Havre | Nantes
kulup eklendi,Balthazar Pierret,Nantes,Nice II | Nice | Boulogne | Boulogne II | Dinamo București | Quevilly-Rouen | Lecce | Red Star | Nantes
kulup eklendi,Amin Cherni,Nantes,Paris FC II | Paris 13 Atletico | Chambly | Laval | Göztepe | Nantes
kulup eklendi,Mohamed Abdelmonem,Nice,Al Ahly | Smouha | Future | OGC Nice | Nice
kulup eklendi,Mohamed Amoura,Nice,ES Sétif | Lugano | Union SG | VfL Wolfsburg | Nice
kulup eklendi,Niels Nkounkou,Nice,Marseille B | Everton | Standard Liège | Cardiff City | Saint-Étienne | Eintracht Frankfurt | Torino | Nice
kulup eklendi,Duje Ćaleta-Car,Sassuolo,Šibenik | Pasching | Red Bull Salzburg | Liefering | Marseille | Southampton | Lyon | Real Sociedad | Sassuolo
kulup eklendi,Ignace Van Der Brempt,Sassuolo,Club Brugge | Red Bull Salzburg | Hamburger SV | Como | Sassuolo
kulup eklendi,Ibrahim Sulemana,Sassuolo,Hellas Verona | Cagliari | Atalanta | Bologna | Sassuolo
kulup eklendi,Sebastiano Esposito,Sassuolo,Inter Milan | SPAL | Venezia | Basel | Anderlecht | Bari | Sampdoria | Empoli | Cagliari | Sassuolo
kulup eklendi,Diogo Sousa,Strasbourg,Sporting CP B | Sporting CP | Antalyaspor | Bodrumspor | Bodrum | Strasbourg
kulup eklendi,Omari Kellyman,Strasbourg,Aston Villa | Chelsea | Cardiff City | Strasbourg
kulup eklendi,Oso,Strasbourg,Málaga B | Sevilla B | Sevilla | Strasbourg
kulup eklendi,Conrad Harder,Strasbourg,Nordsjælland | Sporting CP | RB Leipzig | Strasbourg
kulup eklendi,Dário Essugo,Strasbourg,Sporting CP | Sporting CP B | Chaves | Las Palmas | Chelsea | Strasbourg
kulup eklendi,Deivid Washington,Strasbourg,Santos | Chelsea | Strasbourg
kulup eklendi,Kevin Danso,Sunderland,FC Augsburg II | FC Augsburg | Southampton | Fortuna Düsseldorf | Lens | Tottenham Hotspur | Sunderland
kulup eklendi,Malick Fofana,Sunderland,Jong Gent | Gent | Lyon | Sunderland
kulup eklendi,Bernardo,TSG Hoffenheim,Marília | São Paulo | Bayern Munich | Inter de Santa Maria | Santos | Club América | Vasco da Gama | Corinthians | Cerezo Osaka | Atlético Paranaense | TSG Hoffenheim
kulup eklendi,Vladimír Coufal,TSG Hoffenheim,Bílovec | Hlučín | Opava | Slovan Liberec | Slavia Prague | West Ham United | Hoffenheim | TSG Hoffenheim
kulup eklendi,Nathan Patterson,Torino,Rangers | Everton | Torino
kulup eklendi,Gaetano Oristanio,Torino,Inter Milan | Volendam | Cagliari | Venezia | Parma | Torino
kulup eklendi,Lucas Perri,Torino,São Paulo | Crystal Palace | Náutico | Botafogo | Lyon | Leeds United | Torino
kulup eklendi,Niccolò Fortini,Torino,Fiorentina | Juve Stabia | Torino
kulup eklendi,Rafik Belghali,Torino,Lommel | Mechelen | Hellas Verona | Torino
kulup eklendi,Tosin Adarabioyo,Tottenham Hotspur,Manchester City | West Bromwich Albion | Blackburn Rovers | Fulham | Chelsea | Tottenham Hotspur
kulup eklendi,Sávio,Tottenham Hotspur,Flamengo | Real Madrid | Bordeaux | Zaragoza | Real Sociedad | Levante | Desportiva Capixaba | Anorthosis | Avaí | Tottenham Hotspur
kulup eklendi,Omar Marmoush,Tottenham Hotspur,Wadi Degla | VfL Wolfsburg II | VfL Wolfsburg | FC St. Pauli | VfB Stuttgart | Eintracht Frankfurt | Manchester City | Tottenham Hotspur
kulup eklendi,Mykhailo Mudryk,Tottenham Hotspur,Shakhtar Donetsk | Arsenal Kyiv | Desna Chernihiv | Chelsea | Tottenham Hotspur
kulup eklendi,Mathis Amougou,Toulouse,Saint-Étienne II | Saint-Étienne | Chelsea | Strasbourg | Toulouse
kulup eklendi,Casper Tengstedt,Toulouse,Midtjylland | 1. FC Nürnberg II | Horsens | Rosenborg | Benfica B | Benfica | Hellas Verona | Feyenoord | Toulouse
kulup eklendi,Fabinho,Trabzonspor,Fluminense | Rio Ave | Real Madrid Castilla | Real Madrid | Monaco | Liverpool | Al-Ittihad | Trabzonspor
kulup eklendi,Metehan Mimaroğlu,Trabzonspor,Karacabey Belediyespor | İstanbul Güngörenspor | Konyaaltı Belediyespor | Edirnespor | Ergene Velimeşe | Eyüpspor | Alibeyköyspor | Osmaniyespor | Altınordu | Adana Demirspor | Ümraniyespor | Bandırmaspor | Gençlerbirliği | Trabzonspor
kulup eklendi,Idrissa Gueye,Udinese,Diambars | Lille B | Lille | Aston Villa | Everton | Paris Saint-Germain | Al-Diriyah | Udinese
kulup eklendi,Mërgim Vojvoda,Udinese,Standard Liège | Sint-Truidense | Carl Zeiss Jena | Mouscron | Torino | Como | Udinese
kulup eklendi,Felix Uduokhai,Union Berlin,1860 Munich II | 1860 Munich | VfL Wolfsburg | FC Augsburg | FC Augsburg II | Beşiktaş | Union Berlin
kulup eklendi,Harvey Elliott,Valencia,Fulham | Liverpool | Blackburn Rovers | Aston Villa | Valencia
kulup eklendi,Arnau Martínez,Valencia,Girona B | Girona | Valencia
kulup eklendi,Kayne van Oevelen,Valencia,Jong Volendam | Volendam | Ipswich Town | Valencia
kulup eklendi,Juan Jesus,Venezia,Internacional | Inter Milan | Roma | Napoli | Venezia
kulup eklendi,Þórir Jóhann Helgason,Venezia,Haukar | FH | Lecce | Eintracht Braunschweig | Venezia
kulup eklendi,Toni Fernández,Venezia,Barcelona B | Barcelona | Venezia
kulup eklendi,Stefan Drljača,VfB Stuttgart,TSG Hoffenheim II | Borussia Dortmund II | Dynamo Dresden | VfB Stuttgart II | VfB Stuttgart
kulup eklendi,Charlie Patino,VfL Bochum,Arsenal | Blackpool | Swansea City | Deportivo A Coruña | VfL Bochum
kulup eklendi,Rogério,VfL Wolfsburg,Juventus | Sassuolo | Wolfsburg | VfL Wolfsburg
kulup eklendi,Arthur,Werder Bremen,América Mineiro | Bayer Leverkusen | Werder Bremen
kulup eklendi,Moussa N'Diaye,Werder Bremen,Monaco | Sedan | Istres | Ajaccio | Auxerre | Al-Rayyan | Umm-Salal | ASC Diaraf | AS Douanes | ASC Niarry Tally | US Gorée | Werder Bremen
kulup eklendi,Adama Boiro,West Ham United,Osasuna B | Athletic Bilbao B | Athletic Bilbao | West Ham United
kulup eklendi,Boubacar Traoré,Wolverhampton Wanderers,Jeanne d'Arc | Bakaridjan | Adana Demirspor | Elazığspor | Zimbru Chișinău | Naft Maysan | Salitas | Rayon Sports F.C. | Teungueth | AS Vita Club | Wolverhampton Wanderers
kulup eklendi,João Virgínia,Wolverhampton Wanderers,Everton | Reading | Sporting CP | Cambuur | Wolverhampton Wanderers
kulup eklendi,Ghislain Konan,Wolverhampton Wanderers,ASEC Mimosas | Vitória Guimarães B | Vitória Guimarães | Reims | Al-Nassr | Al-Fayha | Burgos | Gil Vicente | Wolverhampton Wanderers
kulup eklendi,Tayyip Talha Sanuç,Çaykur Rizespor,Karabükspor | Adana Demirspor | Beşiktaş | Gaziantep | Rizespor | Çaykur Rizespor
kulup eklendi,Dal Varešanović,Çaykur Rizespor,Sarajevo | Rizespor | Gençlerbirliği | Çaykur Rizespor
kulup eklendi,Iustin Doicaru,Çaykur Rizespor,Farul Constanța | Rizespor | Çaykur Rizespor
kulup eklendi,Can Bozdoğan,Çaykur Rizespor,Schalke 04 | Schalke 04 II | Beşiktaş | Utrecht | Rizespor | Çaykur Rizespor
kulup eklendi,Gennaro Borrelli,Çaykur Rizespor,Pescara | Cosenza | Juve Stabia | Monopoli | Frosinone | Brescia | Cagliari | Rizespor | Çaykur Rizespor
kulup eklendi,Umut Bozok,İstanbul Başakşehir,Metz B | Consolat | Nîmes | Lorient | Troyes | Kasımpaşa | Trabzonspor | Eyüpspor | Başakşehir | İstanbul Başakşehir
kulup eklendi,Emin Bayram,İstanbul Başakşehir,Galatasaray | Boluspor | Westerlo | Başakşehir | İstanbul Başakşehir
kulup eklendi,Saba Kharebashvili,İstanbul Başakşehir,Dinamo-2 Tbilisi | Dinamo Tbilisi | Başakşehir | İstanbul Başakşehir
kulup eklendi,Bertuğ Yıldırım,İstanbul Başakşehir,Sarıyer | Hatayspor | Antalyaspor | Rennes | Getafe | Başakşehir | İstanbul Başakşehir
YENI OYUNCU,Marcel Costly,1. FC Heidenheim,Rotenburger SV | Mainz 05 II | 1. FC Magdeburg | Waldhof Mannheim | FC Ingolstadt | 1. FC Heidenheim
YENI OYUNCU,Adam Kölle,1. FC Heidenheim,1. FC Heidenheim
YENI OYUNCU,Valeri Vladimirov,AC Milan,Milan Futuro | AC Milan
YENI OYUNCU,Niccolò Pisilli,AS Roma,Roma | AS Roma
YENI OYUNCU,Giorgio De Marzi,AS Roma,Roma | AS Roma
YENI OYUNCU,Emanuele Lulli,AS Roma,Roma | AS Roma
YENI OYUNCU,Anton Gaaei,Ajax,Viborg | Ajax | Jong Ajax
YENI OYUNCU,Owen Wijndal,Ajax,Jong AZ | AZ | Ajax | Antwerp
YENI OYUNCU,Oscar Gloukh,Ajax,Maccabi Tel Aviv | Red Bull Salzburg | Ajax
YENI OYUNCU,Youri Baas,Ajax,Jong Ajax | Ajax | N.E.C.
YENI OYUNCU,Oliver Edvardsen,Ajax,Drøbak-Frogn | Vålerenga 2 | Grorud | Stabæk | Go Ahead Eagles | Ajax
YENI OYUNCU,Joeri Heerkens,Ajax,Sparta Prague | Loko Prague | Sparta Prague B | Ajax | Jong Ajax
YENI OYUNCU,Steven Berghuis,Ajax,Twente | VVV-Venlo | AZ | Watford | Feyenoord | Ajax
YENI OYUNCU,Jorthy Mokio,Ajax,Gent | Jong Ajax | Ajax
YENI OYUNCU,Maarten Paes,Ajax,NEC | Utrecht | Jong Utrecht | FC Dallas | Ajax
YENI OYUNCU,Aaron Bouwman,Ajax,Jong Ajax | Ajax
YENI OYUNCU,Dies Janse,Ajax,Jong Ajax | Ajax | Groningen
YENI OYUNCU,Marcos Leonardo,Ajax,Santos | Benfica | Al-Hilal | Ajax
YENI OYUNCU,Rayane Bounida,Ajax,Jong Ajax | Ajax
YENI OYUNCU,Abdellah Ouazane,Ajax,Jong Ajax | Ajax
YENI OYUNCU,Jano Monserrate,Ajax,Zaragoza B | Atlético Madrid B | Atlético Madrid | Ajax
YENI OYUNCU,Fouad Zahouani,Ajax,Union Touarga | Jong Ajax | Ajax
YENI OYUNCU,Marvyn Muzungu,Ajax,Jong Ajax | Ajax
YENI OYUNCU,Charlie Setford,Ajax,Jong Ajax | Ajax | Milton Keynes Dons
YENI OYUNCU,Paul Reverson,Ajax,Jong Ajax | Ajax
YENI OYUNCU,Fidan Aliti,Alanyaspor,Old Boys | Luzern | Sheriff Tiraspol | Slaven Belupo | Skënderbeu Korçë | Kalmar | Zürich | Alanyaspor
YENI OYUNCU,Baran Gezek,Alanyaspor,Kayserispor | Eyüpspor | Alanyaspor
YENI OYUNCU,Joseph Kalulu,Angers,Saint Priest | Pau | Angers
YENI OYUNCU,Bünyamin Balcı,Antalyaspor,Antalyaspor
YENI OYUNCU,Myles Lewis-Skelly,Arsenal,Arsenal
YENI OYUNCU,Tommy Setford,Arsenal,Arsenal | Stevenage
YENI OYUNCU,Andre Harriman-Annous,Arsenal,Arsenal
YENI OYUNCU,Ife Ibrahim,Arsenal,Arsenal
YENI OYUNCU,Max Dowman,Arsenal,Arsenal
YENI OYUNCU,Brando Bailey-Joseph,Arsenal,Arsenal
YENI OYUNCU,Marli Salmon,Arsenal,Arsenal
YENI OYUNCU,George Hemmings,Aston Villa,Aston Villa
YENI OYUNCU,Giorgio Scalvini,Atalanta,Atalanta
YENI OYUNCU,Relja Obrić,Atalanta,Atalanta U23 | Atalanta
YENI OYUNCU,Beñat Gerenabarrena,Athletic Bilbao,Basconia | Bilbao Athletic | Castellón | Athletic Bilbao
YENI OYUNCU,Johaneko Louis-Jean,Athletic Bilbao,Bordeaux B | Bordeaux | Lugo | Bilbao Athletic | Athletic Bilbao
YENI OYUNCU,Rodrigo Mendoza,Atlético Madrid,Elche B | Elche | Atlético Madrid
YENI OYUNCU,Alejandro Grimaldo,Atlético Madrid,Barcelona B | Benfica | Bayer Leverkusen | Atlético Madrid
YENI OYUNCU,Brian Fariñas,Barcelona,Barcelona B | Barcelona
YENI OYUNCU,Hamza Abdelkarim,Barcelona,Al Ahly | Barcelona B | Barcelona
YENI OYUNCU,Ebrima Tunkara,Barcelona,Barcelona B | Barcelona
YENI OYUNCU,Eder Aller,Barcelona,Barcelona B | Barcelona
YENI OYUNCU,Jordi Pesquer,Barcelona,Barcelona
YENI OYUNCU,Montrell Culbreath,Bayer Leverkusen,Bayer Leverkusen
YENI OYUNCU,Leonard Prescott,Bayern Munich,Bayern Munich | Bayern Munich II
YENI OYUNCU,Erblin Osmani,Bayern Munich,Bayern Munich
YENI OYUNCU,Hamza Güreler,Başakşehir,İstanbul Başakşehir | Başakşehir
YENI OYUNCU,Saba Kharebashvili,Başakşehir,Dinamo-2 Tbilisi | Dinamo Tbilisi | Başakşehir
YENI OYUNCU,Anatoliy Trubin,Benfica,Shakhtar Donetsk | Benfica
YENI OYUNCU,Alexander Bah,Benfica,Næsby | HB Køge | SønderjyskE | Slavia Prague | Benfica
YENI OYUNCU,Fredrik Aursnes,Benfica,Hødd | Molde | Feyenoord | Benfica
YENI OYUNCU,Heorhiy Sudakov,Benfica,Shakhtar Donetsk | Benfica
YENI OYUNCU,Manu Silva,Benfica,Feirense | Vitória Guimarães B | Vitória Guimarães | Benfica
YENI OYUNCU,Andreas Schjelderup,Benfica,Nordsjælland | Benfica B | Benfica
YENI OYUNCU,Samuel Soares,Benfica,Benfica B | Benfica
YENI OYUNCU,Gianluca Prestianni,Benfica,Vélez Sarsfield | Benfica B | Benfica
YENI OYUNCU,Gabriel Índio,Benfica,Serrano | Athletic | Benfica
YENI OYUNCU,Souffian El Karouani,Benfica,NEC | Utrecht | Al-Qadsiah | Benfica
YENI OYUNCU,Tomás Araújo,Benfica,Benfica B | Benfica | Gil Vicente
YENI OYUNCU,Daniel Banjaqui,Benfica,Benfica B | Benfica
YENI OYUNCU,Anísio Cabral,Benfica,Benfica | Benfica B
YENI OYUNCU,Álvaro Montero (Colombian footballer),Boca Juniors,São Caetano | San Lorenzo | Cúcuta Deportivo | Deportes Tolima | Millonarios | Vélez Sarsfield | Boca Juniors
YENI OYUNCU,Lautaro Di Lollo,Boca Juniors,Boca Juniors
YENI OYUNCU,Nicolás Figal,Boca Juniors,Independiente | Olimpo | Inter Miami | Boca Juniors
YENI OYUNCU,Carlos Palacios (Chilean footballer),Boca Juniors,Unión Española | Internacional | Vasco da Gama | Colo-Colo | Boca Juniors
YENI OYUNCU,Tomás Belmonte,Boca Juniors,Lanús | Toluca | Boca Juniors
YENI OYUNCU,Milton Giménez,Boca Juniors,Atlanta | Ferrocarril Midland | Comunicaciones | Central Córdoba SdE | Necaxa | Banfield | Boca Juniors
YENI OYUNCU,Tomás Aranda,Boca Juniors,Boca Juniors
YENI OYUNCU,Leandro Brey,Boca Juniors,Los Andes | Boca Juniors
YENI OYUNCU,Javier García (Argentine footballer),Boca Juniors,Boca Juniors | Tigre | Racing
YENI OYUNCU,Williams Alarcón,Boca Juniors,Colo-Colo | Unión La Calera | Ibiza | Huracán | Boca Juniors
YENI OYUNCU,Miguel Merentiel,Boca Juniors,Peñarol | El Tanque Sisley | Lorca | Valencia B | Godoy Cruz | Defensa y Justicia | Palmeiras | Boca Juniors
YENI OYUNCU,Leandro Lozano,Boca Juniors,Boston River | Nacional | Argentinos Juniors | Boca Juniors
YENI OYUNCU,Milton Delgado,Boca Juniors,Boca Juniors
YENI OYUNCU,Leonel Flores,Boca Juniors,Boca Juniors
YENI OYUNCU,Alan Velasco,Boca Juniors,Independiente | FC Dallas | Boca Juniors
YENI OYUNCU,Kevin Zenón,Boca Juniors,Unión Santa Fe | Boca Juniors
YENI OYUNCU,Camilo Rey Domenech,Boca Juniors,Boca Juniors
YENI OYUNCU,Dylan Gorosito,Boca Juniors,Boca Juniors
YENI OYUNCU,Santiago Ascacíbar,Boca Juniors,Estudiantes | VfB Stuttgart | Hertha BSC | Cremonese | Estudiantes (LP) | Boca Juniors
YENI OYUNCU,Malcom Braida,Boca Juniors,Instituto | Aldosivi | San Lorenzo | Boca Juniors
YENI OYUNCU,Ayrton Costa,Boca Juniors,Independiente | Platense | Antwerp | Boca Juniors
YENI OYUNCU,Agustín Heredia,Boca Juniors,Boca Juniors | Godoy Cruz | Cerro Largo | Plaza Colonia | San Martín SJ | Cobreloa
YENI OYUNCU,Vinko Soldo,Bodrumspor,Dinamo Zagreb II | Dinamo Zagreb | Lokomotiva | Cibalia | Rudeš | KuPS | Slaven Belupo | Diósgyőr | Sarajevo | Pendikspor | Bodrumspor
YENI OYUNCU,Jonson Clarke-Harris,Bodrumspor,Coventry City | Peterborough United | Southend United | Bury | Oldham Athletic | Rotherham United | Milton Keynes Dons | Doncaster Rovers | Bristol Rovers | Pendikspor | Bodrumspor
YENI OYUNCU,Thuram (Brazilian footballer),Bodrumspor,Atlético Paranaense | Novo Hamburgo | Chapecoense | Bahia | Aris Limassol | Monte Azul | Apollon Limassol | Kerkyra | Lamia | Konyaspor | Tuzlaspor | Ionikos | Pendikspor | Eyüpspor | Iğdır | Bodrumspor
YENI OYUNCU,Massimo Pessina,Bologna,Bologna
YENI OYUNCU,Ukko Happonen,Bologna,Bologna
YENI OYUNCU,Silas Ostrzinski,Borussia Dortmund,Borussia Dortmund II | Borussia Dortmund
YENI OYUNCU,Mussa Kaba,Borussia Dortmund,Borussia Dortmund II | Borussia Dortmund
YENI OYUNCU,Brendan Chardonnet,Brest,Brest | Brest B | Épinal
YENI OYUNCU,Mamady Diambou,Brest,Red Bull Salzburg | FC Liefering | Luzern | Brest
YENI OYUNCU,Hugo Magnetti,Brest,Bastia II | Brest II | Brest
YENI OYUNCU,Justin Bourgault,Brest,Stade Briochin II | Stade Briochin | Concarneau | Brest
YENI OYUNCU,Luck Zogbé,Brest,LYS Sassandra | Brest
YENI OYUNCU,Djylian N'Guessan,Brest,Saint-Étienne II | Saint-Étienne | Brest
YENI OYUNCU,Raphaël Le Guen,Brest,Brest | Brest B
YENI OYUNCU,Jack Hinshelwood,Brighton & Hove Albion,Brighton & Hove Albion
YENI OYUNCU,Diego Gómez (Paraguayan footballer),Brighton & Hove Albion,Libertad | Inter Miami | Brighton & Hove Albion
YENI OYUNCU,Zadok Yohanna,Brighton & Hove Albion,AIK | Brighton & Hove Albion
YENI OYUNCU,Femi Azeez,Brighton & Hove Albion,Northwood | Wealdstone | Hanwell Town | Reading | Bracknell Town | Millwall | Brighton & Hove Albion
YENI OYUNCU,Reo Hatate,Burnley,Kawasaki Frontale | Celtic | Burnley
YENI OYUNCU,Aaron Ramsey (English footballer),Burnley,Aston Villa | Cheltenham Town | Norwich City | Middlesbrough | Burnley | Leicester City
YENI OYUNCU,Lluc Castell,Burnley,Espanyol B | Espanyol | Burnley
YENI OYUNCU,Yael Trepy,Cagliari,Cagliari
YENI OYUNCU,Paul Mendy,Cagliari,Cagliari
YENI OYUNCU,Adam Obert,Cagliari,Cagliari
YENI OYUNCU,Hugo González (Spanish footballer),Celta Vigo,Valencia B | Valencia | Cartagena | Celta B | Celta | Celta Vigo
YENI OYUNCU,Sebastián Cáceres,Celta Vigo,Liverpool Montevideo | América | Celta | Celta Vigo
YENI OYUNCU,Couhaib Driouech,Celta Vigo,Heerenveen | Excelsior | PSV | Celta | Celta Vigo
YENI OYUNCU,Alistair Johnston,Celtic,Vaughan Azzurri | Nashville SC | CF Montréal | Celtic
YENI OYUNCU,Liam Scales,Celtic,UCD | Shamrock Rovers | Shamrock Rovers II | Celtic | Aberdeen
YENI OYUNCU,Benjamin Nygren,Celtic,IFK Göteborg | Genk | Heerenveen | Nordsjælland | Celtic
YENI OYUNCU,Kasper Høgh,Celtic,Randers | Valur | Hobro | AaB | Stabæk | Bodø/Glimt | Celtic
YENI OYUNCU,Camilo Durán,Celtic,Lusitânia | C.F. Estrela da Amadora | Portimonense | Qarabağ | Celtic
YENI OYUNCU,Landon Emenalo,Celtic,Chelsea | Celtic
YENI OYUNCU,Yang Hyun-jun,Celtic,Gangwon FC B | Gangwon FC | Celtic
YENI OYUNCU,Luke McCowan,Celtic,Ayr United | Lugar Boswell Thistle | Annbank United | Dundee | Celtic
YENI OYUNCU,Sebastian Tounekti,Celtic,Tromsdalen | Bodø/Glimt | Groningen | Haugesund | Ranheim | Hammarby IF | Celtic
YENI OYUNCU,Callum Osmand,Celtic,Celtic
YENI OYUNCU,Shim Mheuka,Celtic,Chelsea | Celtic
YENI OYUNCU,Ross Doohan,Celtic,Celtic | Cumbernauld Colts | Greenock Morton | Ayr United | Ross County | Dundee United | Tranmere Rovers | Forest Green Rovers | Aberdeen
YENI OYUNCU,Joël van den Berg,Celtic,Jong PSV | PSV | Celtic
YENI OYUNCU,Callum McGregor,Celtic,Celtic | Notts County
YENI OYUNCU,Dane Murray,Celtic,Celtic | Queen's Park
YENI OYUNCU,Colby Donovan,Celtic,Celtic B | Celtic
YENI OYUNCU,Anthony Ralston,Celtic,Celtic | Queen's Park | Dundee United | St Johnstone
YENI OYUNCU,Josh Acheampong,Chelsea,Chelsea
YENI OYUNCU,Kaiki Bruno,Como,Cruzeiro | Como
YENI OYUNCU,Hugo Souza,Corinthians,Flamengo | Chaves | Corinthians
YENI OYUNCU,Breno Bidon,Corinthians,Corinthians
YENI OYUNCU,Rodrigo Garro,Corinthians,Instituto | Talleres | Corinthians
YENI OYUNCU,Yuri Alberto,Corinthians,Santos | Internacional | Zenit Saint Petersburg | Corinthians
YENI OYUNCU,Raniele,Corinthians,Ferroviária | Taubaté | Penapolense | Portuguesa | Jacuipense | Botafogo-SP | Bahia | Avaí | Cuiabá | Corinthians
YENI OYUNCU,Pedro Raul,Corinthians,Cruzeiro-RS | Aimoré | Vitória Guimarães B | Atlético Goianiense | Botafogo | Kashiwa Reysol | Juárez | Goiás | Vasco da Gama | Toluca | Ceará | Corinthians
YENI OYUNCU,André Carrillo,Corinthians,Alianza Lima | Sporting CP | Benfica | Watford | Al-Hilal | Al-Qadsiah | Corinthians
YENI OYUNCU,Pedro Milans,Corinthians,Juventud | Peñarol | Corinthians
YENI OYUNCU,Matheus Bidu,Corinthians,Guarani | Cruzeiro | Corinthians
YENI OYUNCU,Kayke Ferrari,Corinthians,Corinthians
YENI OYUNCU,Kaio César,Corinthians,Coritiba | Vitória Guimarães | Al-Hilal | Corinthians
YENI OYUNCU,Felipe Longo,Corinthians,Corinthians
YENI OYUNCU,Gui Negão,Corinthians,Corinthians
YENI OYUNCU,Alex Santana,Corinthians,Internacional | Criciúma | Guarani | Paraná | Botafogo | Ludogorets Razgrad | Athletico Paranaense | Corinthians | Grêmio
YENI OYUNCU,Tyrick Mitchell,Crystal Palace,Crystal Palace
YENI OYUNCU,Darío Osorio,Crystal Palace,Universidad de Chile | Midtjylland | Crystal Palace
YENI OYUNCU,Chris Richards (soccer),Crystal Palace,Bayern Munich II | Bayern Munich | TSG Hoffenheim | Crystal Palace
YENI OYUNCU,Noël Aséko,Eintracht Frankfurt,Bayern Munich II | Bayern Munich | Hannover 96 II | Hannover 96 | Eintracht Frankfurt
YENI OYUNCU,Malik Pimpong,Eintracht Frankfurt,Eintracht Frankfurt | Eintracht Frankfurt II
YENI OYUNCU,Jeremiaha Maluze,Eintracht Frankfurt,SV 19 Straelen | Mülheimer FC 97 | FC Rot-Weiß Erfurt | Eintracht Frankfurt II | Eintracht Frankfurt
YENI OYUNCU,Roy Revivo,Elche,Maccabi Tel Aviv | Hapoel Jerusalem | Elche
YENI OYUNCU,Kevin Lomónaco,Elche,Lanús | Platense | Red Bull Bragantino | Tigre | Independiente | Elche
YENI OYUNCU,Salvatore Monaco,Empoli,Cecchina | Budoni | Casale | Arzanese | Taranto | Grosseto | Arezzo | Perugia | Salernitana | Cosenza | Padova | Potenza | Catania | Livorno | Empoli
YENI OYUNCU,Bohdan Popov,Empoli,Empoli
YENI OYUNCU,Thomas Campaniello,Empoli,Empoli
YENI OYUNCU,Yakup Kırtay,Erzurumspor,Erzurumspor
YENI OYUNCU,Gyrano Kerk,Erzurumspor,Utrecht | Helmond Sport | Jong Utrecht | Lokomotiv Moscow | Royal Antwerp | Erzurumspor
YENI OYUNCU,Guram Giorbelidze,Erzurumspor,Sioni Bolnisi | Dila Gori | Wolfsberger AC | Dynamo Dresden | Zagłębie Lubin | Dinamo Batumi | Vojvodina | Erzurumspor
YENI OYUNCU,Martín Rodríguez (Chilean footballer),Erzurumspor,Huachipato | Colo-Colo | Cruz Azul | UNAM | Morelia | Mazatlán | Altay | D.C. United | Ñublense | Erzurumspor
YENI OYUNCU,Nariman Akhundzade,Erzurumspor,Qarabağ | Columbus Crew | Erzurumspor
YENI OYUNCU,Lawrence Agyekum,Erzurumspor,WAFA | Red Bull Salzburg | FC Liefering | Cercle Brugge | Erzurumspor
YENI OYUNCU,Kike García (Spanish footballer),Espanyol,Murcia B | Murcia | Middlesbrough | Eibar | Osasuna | Alavés | Espanyol
YENI OYUNCU,Hayden Hackney,Everton,Middlesbrough | Scunthorpe United | Everton
YENI OYUNCU,Anıl Yaşar,Eyüpspor,Afyonspor | Çaykur Rizespor | Menemenspor | Esenler Erokspor | Eyüpspor
YENI OYUNCU,Simone Giordano,Eyüpspor,Sampdoria | Piacenza | Ascoli | Mantova | Eyüpspor
YENI OYUNCU,Yiğit Demir,Eyüpspor,Fenerbahçe | Gençlerbirliği | Fatih Karagümrük | Eyüpspor
YENI OYUNCU,Seol Young-woo,FC Augsburg,Ulsan HD | Red Star Belgrade | FC Augsburg
YENI OYUNCU,Youssoupha Niang,FC St. Pauli,1. FC Köln | FC St. Pauli | 1. FC Köln II
YENI OYUNCU,Eric Smith (Swedish footballer),FC St. Pauli,Halmstads BK | IFK Norrköping | Gent | Tromsø | FC St. Pauli
YENI OYUNCU,Sam Klein (soccer),FC St. Pauli,Brisbane Roar NPL | Brisbane Roar | Gold Coast Knights | FC St. Pauli
YENI OYUNCU,Barış Kalaycı,Fatih Karagümrük,Fatih Karagümrük
YENI OYUNCU,Bart Nieuwkoop,Feyenoord,Feyenoord | Willem II | Union SG
YENI OYUNCU,Thomas Beelen,Feyenoord,PEC Zwolle | Feyenoord
YENI OYUNCU,Tsuyoshi Watanabe,Feyenoord,FC Tokyo U-23 | FC Tokyo | Kortrijk | Gent | Feyenoord
YENI OYUNCU,Gijs Smal,Feyenoord,Jong Volendam | Volendam | Twente | Feyenoord
YENI OYUNCU,Gjivai Zechiël,Feyenoord,Feyenoord | Sparta Rotterdam | Utrecht
YENI OYUNCU,Luciano Valente,Feyenoord,Groningen | Feyenoord
YENI OYUNCU,Gonçalo Borges,Feyenoord,Porto B | Porto | Feyenoord
YENI OYUNCU,Sem Steijn,Feyenoord,ADO Den Haag | VVV-Venlo | Al Wahda | Twente | Feyenoord
YENI OYUNCU,Jordan Bos,Feyenoord,Melbourne City NPL | Melbourne City | Westerlo | Feyenoord
YENI OYUNCU,Mats Deijl,Feyenoord,FC Den Bosch | Go Ahead Eagles | Feyenoord
YENI OYUNCU,Tobias van den Elshout,Feyenoord,Feyenoord
YENI OYUNCU,Anis Hadj Moussa,Feyenoord,Lens B | Olympic Charleroi | Patro Eisden | Vitesse | Feyenoord
YENI OYUNCU,Thijs Kraaijeveld,Feyenoord,Feyenoord
YENI OYUNCU,Givairo Read,Feyenoord,Jong Volendam | FC Volendam | Feyenoord
YENI OYUNCU,Jivayno Zinhagel,Feyenoord,Feyenoord
YENI OYUNCU,Shaqueel van Persie,Feyenoord,Feyenoord
YENI OYUNCU,Federico Croci,Fiorentina,Fiorentina
YENI OYUNCU,Sulayman Jallow,Fiorentina,Olympia Agnonese | Ascoli | Viterbese | Gubbio | Cuneo | Milano City | Montevarchi | Latina | Turris | Audace Cerignola | Arzignano | Vis Pesaro | Reggina | Fiorentina
YENI OYUNCU,Léo Ortiz,Flamengo,Internacional | Sport Recife | Red Bull Brasil | Red Bull Bragantino | Flamengo
YENI OYUNCU,Ayrton Lucas,Flamengo,Fluminense | Madureira | Londrina | Spartak Moscow | Flamengo
YENI OYUNCU,Giorgian de Arrascaeta,Flamengo,Defensor Sporting | Cruzeiro | Flamengo
YENI OYUNCU,Everton Soares,Flamengo,Grêmio | Benfica | Flamengo
YENI OYUNCU,Anthony Valencia,Flamengo,Independiente Juniors | Independiente del Valle | Royal Antwerp | Young Reds Antwerp | Flamengo
YENI OYUNCU,Jorge Carrascal,Flamengo,Millonarios | Sevilla B | Karpaty Lviv | River Plate | CSKA Moscow | Dynamo Moscow | Flamengo
YENI OYUNCU,Nicolás de la Cruz,Flamengo,Liverpool Montevideo | River Plate | Flamengo
YENI OYUNCU,Gonzalo Plata,Flamengo,Independiente del Valle | Sporting CP | Sporting CP B | Valladolid | Al Sadd | Flamengo
YENI OYUNCU,Joaquín Freitas,Flamengo,Acassuso | River Plate | Flamengo
YENI OYUNCU,Dyogo Alves,Flamengo,Flamengo
YENI OYUNCU,Evertton Araújo,Flamengo,Volta Redonda | Flamengo
YENI OYUNCU,Pablo Lúcio,Flamengo,Flamengo
YENI OYUNCU,Léo Nannetti,Flamengo,Flamengo
YENI OYUNCU,Alan Santos,Flamengo,Santos | Paulista | Coritiba | Tigres UANL | Veracruz | Al-Ittihad Kalba | Botafogo | Chapecoense | Vitória | Guarani | São Bernardo | Flamengo
YENI OYUNCU,David Viana,Flamengo,Atlético Madrid C | Real Salt Lake | Luton Town | Olhanense | ASC Biesheim | Mulhouse | AS Mutzig | Flamengo
YENI OYUNCU,Johnny Góes,Flamengo,Flamengo
YENI OYUNCU,Douglas Telles,Flamengo,Flamengo
YENI OYUNCU,Rodrigo Muniz (Brazilian footballer),Fulham,Flamengo | Coritiba | Fulham | Middlesbrough
YENI OYUNCU,Deniz Gül,Galatasaray,Hammarby IF | Hammarby TFF | Porto | Porto B | Galatasaray
YENI OYUNCU,Can Armando Güner,Galatasaray,Borussia Mönchengladbach II | Galatasaray
YENI OYUNCU,Ada Yüzgeç,Galatasaray,Galatasaray
YENI OYUNCU,Ulrich Meleke,Gaziantep,Ekenäs IF | Hapoel Tel Aviv | Hapoel Bnei Lod | KPV | Botoșani | CFR Cluj | Voluntari | Al Bataeh | Gaziantep
YENI OYUNCU,Trivante Stewart,Gaziantep,UWI | Molynes United | Mount Pleasant | Salernitana | Javor Ivanjica | Radnički Niš | Maccabi Haifa | Gaziantep
YENI OYUNCU,Sontje Hansen,Gaziantep,Jong Ajax | Ajax | NEC | Middlesbrough | Gaziantep
YENI OYUNCU,Kerim Çalhanoğlu,Gaziantep,Schalke 04 | Schalke 04 II | SV Sandhausen | Greuther Fürth | Greuther Fürth II | Vukovar 1991 | Gaziantep
YENI OYUNCU,Efe Sarıkaya,Gaziantep,Altay | Grenoble | Çorum | Gaziantep
YENI OYUNCU,Mario Mitaj,Genoa,AEK Athens | AEK Athens B | Lokomotiv Moscow | Al-Ittihad | Genoa
YENI OYUNCU,Joi Nuredini,Genoa,Genoa
YENI OYUNCU,David Puczka,Genoa,Admira Wacker II | Admira Wacker | Juventus Next Gen | Genoa
YENI OYUNCU,Robinho Júnior,Genoa,Santos | Genoa
YENI OYUNCU,Dakonam Djené,Getafe,Tonnerre d'Abomey | Coton Sport | Alcorcón | Sint-Truidense | Getafe
YENI OYUNCU,Vladyslav Krapyvtsov,Girona,Girona
YENI OYUNCU,Holmes Junior,Girona,Girona
YENI OYUNCU,André Henrique,Göztepe,Capivariano | Marcílio Dias | Hercílio Luz | Grêmio | Göztepe
YENI OYUNCU,Richard Akonnor,Göztepe,Al Jazira | Göztepe
YENI OYUNCU,Luka Gugeshashvili,Göztepe,Dinamo Tbilisi | Jagiellonia Białystok | Podlasie Biała Podlaska | Dila | Granada | Qarabağ | Panserraikos | PAOK | Atromitos | Göztepe
YENI OYUNCU,Gyan de Regt,Holstein Kiel,Vitesse | Excelsior | Holstein Kiel
YENI OYUNCU,Yann Bisseck,Inter Milan,1. FC Köln | 1. FC Köln II | Holstein Kiel | Holstein Kiel II | Roda JC | Vitória Guimarães B | AGF | Inter Milan
YENI OYUNCU,Mattia Mosconi,Inter Milan,Inter Milan U23 | Inter Milan
YENI OYUNCU,Jamal Iddrissou,Inter Milan,Inter Milan U23 | Inter Milan
YENI OYUNCU,Anis Mehmeti,Ipswich Town,Woodford Town | Wycombe Wanderers | Bristol City | Ipswich Town
YENI OYUNCU,Jakob Jessen,Kasımpaşa,Fredericia | Kasımpaşa
YENI OYUNCU,Andri Fannar Baldursson,Kasımpaşa,Breiðablik | Bologna | Copenhagen | NEC | IF Elfsborg | Kasımpaşa
YENI OYUNCU,Marcus Rafferty,Kasımpaşa,Tullinge TP | Hammarby IF | Hammarby TFF | Aalesund | Degerfors IF | Kasımpaşa
YENI OYUNCU,Taylan Aydın,Kasımpaşa,Kasımpaşa
YENI OYUNCU,Daniel Moreno (Colombian footballer),Kayserispor,Junior | Barranquilla | Deportes Tolima | Alianza Petrolera | Deportivo Pasto | Santa Fe | Amedspor | Kayserispor
YENI OYUNCU,Talha Sarıarslan,Kayserispor,Kayserispor
YENI OYUNCU,Tobias Gulliksen,Kocaelispor,Strømsgodset | Bodø/Glimt | Djurgården | Rapid Wien | Kocaelispor
YENI OYUNCU,Gonçalo Sousa,Kocaelispor,Porto B | Porto | Kocaelispor
YENI OYUNCU,Deniz Ertaş,Konyaspor,Konyaspor
YENI OYUNCU,Rajmund Tóth,Konyaspor,ETO Academy | Győri ETO | Konyaspor
YENI OYUNCU,Jean-Luc Dompé,Konyaspor,Valenciennes B | Valenciennes | Sint-Truiden | Standard Liège | Eupen | Amiens | Gent | Zulte Waregem | Hamburger SV | Konyaspor
YENI OYUNCU,Alejandro García Mejías,Las Palmas,Las Palmas B | Las Palmas | Antequera | Atlético Madrid B
YENI OYUNCU,Andrés Rodríguez Martínez,Las Palmas,Villarreal C | Cartagena B | Racing Murcia | Yeclano | Alcoyano | Teruel | Las Palmas
YENI OYUNCU,Rafa Cruz,Las Palmas,Las Palmas
YENI OYUNCU,Josip Šutalo,Lazio,Dinamo Zagreb II | Dinamo Zagreb | Istra 1961 | Ajax | Lazio
YENI OYUNCU,Patric (Spanish footballer),Lazio,Barcelona B | Barcelona | Lazio
YENI OYUNCU,Stephan Zagadou,Le Havre,Le Havre
YENI OYUNCU,Amar Fatah,Lecce,AIK | Troyes II | Troyes | Lommel | Willem II | Dundee United | Lecce
YENI OYUNCU,Joël Monteiro,Lecce,FC Azzurri 90 | FC Conthey | Team Vaud U21 | Lausanne-Sport | Young Boys | Stade Lausanne Ouchy | Lecce
YENI OYUNCU,Emil Riis,Leicester City,Derby County | VVV-Venlo | Randers | Preston North End | Bristol City | Leicester City
YENI OYUNCU,Olabade Aluko,Leicester City,Leicester City
YENI OYUNCU,Franjo Ivanović,Lens,FC Augsburg II | Rijeka | Union SG | Benfica | Lens
YENI OYUNCU,Souleymane Sagnan,Lens,Lens B | Lens | Caen
YENI OYUNCU,Mezian Mesloub,Lens,Lens
YENI OYUNCU,Pablo Campos (Spanish footballer),Levante,Levante B | Levante | Amorebieta | Cartagena
YENI OYUNCU,Marc Santos,Levante,Levante
YENI OYUNCU,Orlando Gill,Lille,CS San Lorenzo | San Lorenzo de Almagro | San Lorenzo | Lille
YENI OYUNCU,Maurits Kjærgaard,Lille,FC Liefering | Red Bull Salzburg | Lille
YENI OYUNCU,Ayase Ueda,Lille,Kashima Antlers | Cercle Brugge | Feyenoord | Lille
YENI OYUNCU,Trey Nyoni,Liverpool,Liverpool
YENI OYUNCU,Rio Ngumoha,Liverpool,Liverpool
YENI OYUNCU,Wellity Lucky,Liverpool,Liverpool
YENI OYUNCU,Alynho Haïdara,Mainz 05,Mainz 05
YENI OYUNCU,John Chetauya,Mallorca,Villarreal C | Elche B | Elche | Mallorca
YENI OYUNCU,Ryan McAidoo,Manchester City,Manchester City
YENI OYUNCU,Floyd Samba,Manchester City,Manchester City
YENI OYUNCU,Max Hudson,Manchester City,Manchester City
YENI OYUNCU,Tyrone Samba,Manchester City,Manchester City
YENI OYUNCU,Spike Brits,Manchester City,Manchester City | Sutton United
YENI OYUNCU,Shea Lacey,Manchester United,Manchester United
YENI OYUNCU,Tyler Fletcher,Manchester United,Manchester United
YENI OYUNCU,Jelle Van Neck,Marseille,Marseille II | Marseille
YENI OYUNCU,Pape Cabral,Monaco,Monaco
YENI OYUNCU,Samuel Nibombé,Monaco,Monaco
YENI OYUNCU,Laciné Megnan-Pavé,Montpellier,Montpellier
YENI OYUNCU,Alpha Sissoko,Montpellier,Clermont B | Clermont | Saint-Étienne B | Saint-Étienne | Le Puy B | Le Puy | Quevilly-Rouen | Guingamp | Montpellier
YENI OYUNCU,Noel Törnqvist,Monza,IS Halmia | Mjällby AIF | AFC Eskilstuna | Como | Monza
YENI OYUNCU,Yvan Maye,Monza,Inter Milan U23 | Monza
YENI OYUNCU,Manga Foe Ondoa,Monza,Valenciennes II | Valenciennes | Estoril | Oliveirense | Monza
YENI OYUNCU,Leonardo Colombo,Monza,Monza
YENI OYUNCU,Exequiel Zeballos,Monza,Boca Juniors | Monza
YENI OYUNCU,Adam Bakoune,Monza,Monza
YENI OYUNCU,Aljaž Strajnar,Monza,Mura | Monza
YENI OYUNCU,Eddy Kouadio,Monza,Fiorentina | Monza
YENI OYUNCU,Mathis Mout,Monza,Monza
YENI OYUNCU,Ryad Hachem,Nantes,Paris FC B | Guingamp B | Cholet | Red Star | Nantes
YENI OYUNCU,Thomas Robinet,Nantes,Sochaux B | Sochaux | Villefranche | Laval | Châteauroux | KV Oostende | Nancy | Almere City | Dunkerque | Nantes
YENI OYUNCU,Costantino Favasuli,Napoli,Fiorentina | Ternana | Bari | Catanzaro | Napoli
YENI OYUNCU,Lewis Miley,Newcastle United,Newcastle United
YENI OYUNCU,Ibrahim Sangaré (Ivorian footballer),Nottingham Forest,Toulouse B | Toulouse | PSV | Nottingham Forest
YENI OYUNCU,Nick Olij,PSV,AZ | Jong AZ | TOP Oss | NAC Breda | Sparta Rotterdam | PSV | Jong PSV
YENI OYUNCU,Armando Obispo,PSV,Jong PSV | PSV | Vitesse
YENI OYUNCU,Ruben van Bommel,PSV,MVV | AZ | Jong AZ | PSV
YENI OYUNCU,Sami Ouaissa,PSV,Roda JC | NEC | PSV
YENI OYUNCU,Mauro Júnior,PSV,Desportivo Brasil | Jong PSV | PSV | Heracles Almelo
YENI OYUNCU,Esmir Bajraktarević,PSV,New England Revolution II | New England Revolution | PSV
YENI OYUNCU,Sven Mijnans,PSV,VV Spijkenisse | Jong Sparta | Sparta | AZ | PSV Eindhoven | PSV
YENI OYUNCU,Mikkel Bro Hansen,PSV,Bodø/Glimt | PSV
YENI OYUNCU,Noah Fernandez,PSV,Jong PSV | PSV Eindhoven | PSV
YENI OYUNCU,Ayoni Santos,PSV,Jong Sparta | Sparta Rotterdam | PSV
YENI OYUNCU,Amir Bouhamdi,PSV,Jong PSV | PSV
YENI OYUNCU,Fabian Merién,PSV,Jong PSV | PSV
YENI OYUNCU,Tijn Smolenaars,PSV,Jong PSV | PSV
YENI OYUNCU,Quentin Ndjantou,Paris Saint-Germain,Paris Saint-Germain
YENI OYUNCU,Enrico Delprato,Parma,Atalanta | Livorno | Reggina | Parma
YENI OYUNCU,Thomás de Martis,Parma,Lanús | Parma
YENI OYUNCU,Daniel Denoon,Pisa,Zürich II | Zürich | Pisa
YENI OYUNCU,William Gomes,Porto,São Paulo | Porto | Porto B
YENI OYUNCU,Victor Froholdt,Porto,Copenhagen | Porto
YENI OYUNCU,Zaidu Sanusi,Porto,Gil Vicente | Mirandela | Santa Clara | Porto | Porto B
YENI OYUNCU,Hwang In-beom,Porto,Daejeon Citizen | Asan Mugunghwa | Vancouver Whitecaps FC | Rubin Kazan | FC Seoul | Olympiacos | Red Star Belgrade | Feyenoord | Porto
YENI OYUNCU,Dominik Prpić,Porto,Hajduk Split | Radomlje | Porto
YENI OYUNCU,Alan Varela,Porto,Boca Juniors | Porto
YENI OYUNCU,Gabriel Mec,Porto,Grêmio | Porto
YENI OYUNCU,Martim Fernandes,Porto,Porto B | Porto
YENI OYUNCU,Francisco Moura,Porto,Braga B | Académica | Braga | Famalicão | Porto
YENI OYUNCU,Oskar Pietuszewski,Porto,Jagiellonia Białystok | Jagiellonia Białystok II | Porto
YENI OYUNCU,Diogo Costa,Porto,Porto B | Porto
YENI OYUNCU,Gabriel Veron,Porto,Palmeiras | Porto | Porto B | Cruzeiro | Santos | Juventude | Nacional
YENI OYUNCU,Samba Konaté,RB Leipzig,RB Leipzig
YENI OYUNCU,Viggo Gebel,RB Leipzig,RB Leipzig
YENI OYUNCU,Mujaid Sadick,Rayo Vallecano,Deportivo B | Deportivo La Coruña | Genk | Jong Genk | Rayo Vallecano
YENI OYUNCU,Gnangoro Bouare,Rayo Vallecano,Poli El Ejido | Sanluqueño | Betis B | Rayo Vallecano
YENI OYUNCU,Rayane Belaid,Rayo Vallecano,Atlético Madrid B | Atlético Madrid | Rayo Vallecano
YENI OYUNCU,Giovanni Lo Celso,Real Betis,Rosario Central | Paris Saint-Germain | Betis | Tottenham Hotspur | Villarreal | Real Betis
YENI OYUNCU,Alexis Ciria,Real Madrid,Sevilla B | Real Madrid C | Real Madrid B | Real Madrid
YENI OYUNCU,Sergio Martínez (Spanish footballer),Real Madrid,Racing B | Racing Santander | Real Madrid B | Real Madrid
YENI OYUNCU,Job Ochieng,Real Sociedad,Maspalomas | Real Sociedad C | Real Sociedad B | Real Sociedad
YENI OYUNCU,Bryan Reynolds (soccer),Rennes,FC Dallas | North Texas SC | Roma | Kortrijk | Westerlo | Rennes
YENI OYUNCU,Tobías Ramírez,River Plate,Argentinos Juniors | River Plate
YENI OYUNCU,Juan Portillo,River Plate,Crucero del Norte | Deportivo Itapuense | Unión Santa Fe | Talleres | River Plate
YENI OYUNCU,Aníbal Moreno,River Plate,Newell's Old Boys | Racing Club | Palmeiras | River Plate
YENI OYUNCU,Sebastián Driussi,River Plate,River Plate | Zenit Saint Petersburg | Austin FC
YENI OYUNCU,Lautaro Rivero,River Plate,River Plate | Central Córdoba
YENI OYUNCU,Fausto Vera,River Plate,Argentinos Juniors | Corinthians | Atlético Mineiro | River Plate
YENI OYUNCU,Juan Cruz Meza,River Plate,River Plate
YENI OYUNCU,Lautaro Pereyra,River Plate,River Plate
YENI OYUNCU,Tomás Galván,River Plate,River Plate | Defensa y Justicia | Colón | Tigre | Vélez Sarsfield
YENI OYUNCU,Agustín Ruberto,River Plate,River Plate
YENI OYUNCU,Ezequiel Centurión,River Plate,River Plate | Estudiantes Caseros | Independiente Rivadavia
YENI OYUNCU,Santiago Beltrán,River Plate,River Plate
YENI OYUNCU,Tobías Andrada,River Plate,Vélez Sarsfield | River Plate
YENI OYUNCU,Jeremías Martinet,River Plate,River Plate
YENI OYUNCU,Fabricio Bustos,River Plate,Independiente | Internacional | River Plate
YENI OYUNCU,Thiago Acosta,River Plate,River Plate
YENI OYUNCU,Valentín Lucero,River Plate,River Plate
YENI OYUNCU,Jonathan Spiff,River Plate,River Plate
YENI OYUNCU,Muhammet Taha Şahin,Rizespor,68 Aksaray Belediyespor | Manisa | Çaykur Rizespor | Rizespor
YENI OYUNCU,Iustin Doicaru,Rizespor,Farul Constanța | Rizespor
YENI OYUNCU,Marius Mouandilmadji,Samsunspor,AS Doyen | Gazelle | Coton Sport | Porto B | Porto | Desportivo Aves | Seraing | Samsunspor
YENI OYUNCU,Strahinja Eraković,Samsunspor,Red Star Belgrade | Grafičar Beograd | Zenit Saint Petersburg | Samsunspor
YENI OYUNCU,Oskar Øhlenschlæger,Samsunspor,Vendsyssel | Fredrikstad | Samsunspor
YENI OYUNCU,Yunus Emre Çift,Samsunspor,Samsunspor
YENI OYUNCU,Bedirhan Çetin,Samsunspor,Samsunspor
YENI OYUNCU,Diógenes Vinicius da Silva,Santos,Santos
YENI OYUNCU,Vinicius Lira,Santos,Santos
YENI OYUNCU,Lucas Veríssimo,Santos,Santos | Benfica | Benfica B | Corinthians | Al-Duhail | Al-Wakrah
YENI OYUNCU,Gabriel Bontempo,Santos,Santos
YENI OYUNCU,Thaciano,Santos,Porto-PE | Boa Esporte | Santos | Grêmio | Bahia | Altay
YENI OYUNCU,Igor Vinícius,Santos,Santos | Ituano | Ponte Preta | São Paulo
YENI OYUNCU,Pedro Paulo Manoel Fermino,Santos,Santos
YENI OYUNCU,Álvaro Barreal,Santos,Vélez Sarsfield | FC Cincinnati | Cruzeiro | Santos
YENI OYUNCU,Gabriel Menino,Santos,Palmeiras | Atlético Mineiro | Santos
YENI OYUNCU,Davi Fernandes,Santos,Santos
YENI OYUNCU,Miguel Terceros,Santos,Santos | América Mineiro
YENI OYUNCU,Benjamín Rollheiser,Santos,River Plate | Estudiantes | Benfica | Santos
YENI OYUNCU,João Alencar Santos Paes da Costa,Santos,Santos
YENI OYUNCU,Mateus Xavier,Santos,Santos
YENI OYUNCU,Rodrigo Falcão,Santos,Santos
YENI OYUNCU,Samuel Pierri,Santos,Santos
YENI OYUNCU,Rodinei,Santos,Videira | Porto-SC | Avaí | Marcílio Dias | Corinthians | CRAC | Penapolense | Ponte Preta | SEV Hortolândia | Flamengo | Internacional | Olympiacos | Santos
YENI OYUNCU,Rafael Gonzaga,Santos,Santos
YENI OYUNCU,Pedro Assis,Santos,Santos
YENI OYUNCU,Fernando Pradella,Santos,Santos
YENI OYUNCU,Sandry,Santos,Santos | Athletic-MG | Criciúma
YENI OYUNCU,Enzo Boer,Santos,Santos | Santo André
YENI OYUNCU,Gabriel Kulla,Sassuolo,Sasso Marconi | Sassuolo
YENI OYUNCU,Hasan Kuruçay,Schalke 04,OB | Næstved | Konyaspor | Anadolu Selçukspor | Marienlyst | Florø | Strømmen | HamKam | Eintracht Braunschweig | OH Leuven | Schalke 04
YENI OYUNCU,Ron Schallenberg,Schalke 04,SC Paderborn II | SC Paderborn | SC Verl | Schalke 04
YENI OYUNCU,Bryan Lasme,Schalke 04,Sochaux II | Sochaux | Cholet | Arminia Bielefeld | Schalke 04 | Grasshopper
YENI OYUNCU,Satoshi Tanaka,Schalke 04,Shonan Bellmare | Kortrijk | Sanfrecce Hiroshima | Fortuna Düsseldorf | Schalke 04
YENI OYUNCU,Janik Bachmann,Schalke 04,Hannover 96 II | Chemnitzer FC | Würzburger Kickers | 1. FC Kaiserslautern | SV Sandhausen | Hansa Rostock | Schalke 04
YENI OYUNCU,Emil Højlund,Schalke 04,Copenhagen | Schalke 04 | Schalke 04 II
YENI OYUNCU,Adrian Gantenbein,Schalke 04,Winterthur II | Winterthur | Schalke 04 | Schalke 04 II
YENI OYUNCU,Dejan Ljubičić,Schalke 04,Rapid Wien II | Rapid Wien | Wiener Neustadt | 1. FC Köln | Dinamo Zagreb | Schalke 04
YENI OYUNCU,Soufiane El-Faouzi,Schalke 04,Sportfreunde Siegen | SC Paderborn II | Fortuna Düsseldorf II | Alemannia Aachen | Schalke 04
YENI OYUNCU,Nikola Katić,Schalke 04,HNK Stolac | Neretvanac Opuzen | Slaven Belupo | Rangers | Hajduk Split | Zürich | Plymouth Argyle | Schalke 04
YENI OYUNCU,Vitalie Becker,Schalke 04,Schalke 04 | Schalke 04 II
YENI OYUNCU,Mertcan Ayhan,Schalke 04,Schalke 04 | Schalke 04 II
YENI OYUNCU,Alfon González,Sevilla,Albacete B | Albacete | Internacional Madrid | Getafe B | Celta B | Celta | Racing Santander | Murcia | Sevilla | Villarreal
YENI OYUNCU,Peque Fernández,Sevilla,Cornellà | Barcelona B | Racing Santander | Sevilla
YENI OYUNCU,Lucas Stassin,Sevilla,RSCA Futures | Anderlecht | Westerlo | Saint-Étienne | Sevilla
YENI OYUNCU,Nico Guillén,Sevilla,Sevilla B | Sevilla
YENI OYUNCU,Ibrahima Sow,Sevilla,Sevilla C | Sevilla B | Sevilla
YENI OYUNCU,Lassina Traoré,Shakhtar Donetsk,Jong Ajax | Ajax | Shakhtar Donetsk
YENI OYUNCU,Valeriy Bondar,Shakhtar Donetsk,Shakhtar Donetsk
YENI OYUNCU,Marlon Gomes,Shakhtar Donetsk,Vasco da Gama | Shakhtar Donetsk
YENI OYUNCU,Eguinaldo,Shakhtar Donetsk,Artsul-RJ | Vasco da Gama | Shakhtar Donetsk
YENI OYUNCU,Dmytro Kryskiv,Shakhtar Donetsk,Shakhtar Donetsk | Mariupol | Metalist 1925 Kharkiv
YENI OYUNCU,Kauã Elias,Shakhtar Donetsk,Fluminense | Shakhtar Donetsk
YENI OYUNCU,Newerton,Shakhtar Donetsk,Shakhtar Donetsk
YENI OYUNCU,Irakli Azarovi,Shakhtar Donetsk,Dinamo Tbilisi | Dinamo Batumi | Red Star Belgrade | Shakhtar Donetsk
YENI OYUNCU,Alaa Ghram,Shakhtar Donetsk,CS Sfaxien | Shakhtar Donetsk
YENI OYUNCU,Mykola Matviyenko,Shakhtar Donetsk,Shakhtar Donetsk | Karpaty Lviv | Vorskla Poltava
YENI OYUNCU,Kiril Fesyun,Shakhtar Donetsk,Yunist Chernihiv | Vorskla Poltava | Kolos Kovalivka | Shakhtar Donetsk
YENI OYUNCU,Viktor Tsukanov,Shakhtar Donetsk,Shakhtar Donetsk
YENI OYUNCU,Oleh Ocheretko,Shakhtar Donetsk,Shakhtar Donetsk | Mariupol | Dnipro-1 | Karpaty Lviv
YENI OYUNCU,Yehor Nazaryna,Shakhtar Donetsk,Dnipro | Royal Antwerp | Karpaty Lviv | Zorya Luhansk | Shakhtar Donetsk
YENI OYUNCU,Alisson Santana,Shakhtar Donetsk,Atlético Mineiro | Shakhtar Donetsk
YENI OYUNCU,Dmytro Riznyk,Shakhtar Donetsk,Vorskla Poltava | Shakhtar Donetsk
YENI OYUNCU,Lucas Ferreira (Brazilian footballer),Shakhtar Donetsk,São Paulo | Shakhtar Donetsk
YENI OYUNCU,Luca Meirelles,Shakhtar Donetsk,Santos | Shakhtar Donetsk
YENI OYUNCU,Prosper Obah,Shakhtar Donetsk,Supreme Kings | Vizela | LNZ Cherkasy | Shakhtar Donetsk
YENI OYUNCU,Ryan Roberto,Shakhtar Donetsk,Flamengo | Shakhtar Donetsk
YENI OYUNCU,Gleiker Mendoza,Shakhtar Donetsk,Angostura FC | Táchira | Kryvbas Kryvyi Rih | Shakhtar Donetsk
YENI OYUNCU,Gabriel Carvalho,Shakhtar Donetsk,Internacional | Al Qadsiah | Shakhtar Donetsk
YENI OYUNCU,Viktor Korniyenko,Shakhtar Donetsk,Shakhtar Donetsk | Mariupol | Vorskla Poltava
YENI OYUNCU,Maryan Faryna,Shakhtar Donetsk,Shakhtar Donetsk | Metalist 1925 Kharkiv | Kudrivka | Chornomorets Odesa
YENI OYUNCU,Kyrylo Siheyev,Shakhtar Donetsk,Shakhtar Donetsk | Oleksandriya | Chornomorets Odesa | Tatran Prešov | Kudrivka
YENI OYUNCU,Maryan Shved,Shakhtar Donetsk,Karpaty Lviv | Sevilla Atlético | Celtic | Mechelen | Shakhtar Donetsk
YENI OYUNCU,Clinton Duodu,Sivasspor,Bechem United | Apollon Limassol | Sivasspor
YENI OYUNCU,Emre Gökay,Sivasspor,Sivasspor
YENI OYUNCU,Zach Abbott,Southampton,Nottingham Forest | Southampton
YENI OYUNCU,Barnaby Williams,Southampton,Southampton
YENI OYUNCU,Silas Andersen,Sporting CP,Utrecht | Jong Utrecht | BK Häcken | Sporting CP
YENI OYUNCU,Zeno Debast,Sporting CP,Anderlecht | Sporting CP
YENI OYUNCU,Fotis Ioannidis,Sporting CP,Levadiakos | Panathinaikos | Sporting CP
YENI OYUNCU,Rafael Nel,Sporting CP,Sporting CP B | Sporting CP
YENI OYUNCU,Geny Catamo,Sporting CP,Amora | Sporting CP B | Sporting CP | Vitória Guimarães | Marítimo | Marítimo B
YENI OYUNCU,Moncef Zekri,Sporting CP,Jong KV Mechelen | KV Mechelen | Sporting CP
YENI OYUNCU,Maximiliano Araújo,Sporting CP,Montevideo Wanderers | Puebla | Toluca | Sporting CP
YENI OYUNCU,Iván Fresneda,Sporting CP,Valladolid B | Valladolid | Sporting CP | Sporting CP B
YENI OYUNCU,Gonçalo Inácio,Sporting CP,Sporting CP
YENI OYUNCU,Kaique Pereira,Sporting CP,Palmeiras | Farense | Nacional | Sporting CP
YENI OYUNCU,Diego Callai,Sporting CP,Sporting CP B | Sporting CP | Feirense
YENI OYUNCU,Rodrigo Dias,Sporting CP,Cruzeiro | Tombense | Palmas | Uberaba | Democrata | Tupi | Nacional de Muriaé | America-RJ | Beira-Mar | Quang Nam | Thep Xanh Nam Dinh | SHB Da Nang | Khaitan | Penang | PT Prachuap | Persik Kediri | Sporting CP
YENI OYUNCU,Flávio Gonçalves,Sporting CP,Sporting CP B | Sporting CP
YENI OYUNCU,Eduardo Felicíssimo,Sporting CP,Sporting CP B | Sporting CP
YENI OYUNCU,Luis Suárez (Colombian footballer),Sporting CP,Leones | Granada B | Watford | Valladolid B | Gimnàstic | Zaragoza | Granada | Marseille | Almería | Sporting CP
YENI OYUNCU,Hermann Malonga,Strasbourg,Strasbourg
YENI OYUNCU,Chris Rigg,Sunderland,Sunderland
YENI OYUNCU,Jules Ahoka,Sunderland,Royal Antwerp | Sunderland
YENI OYUNCU,Juan Riquelme Angulo,Sunderland,Independiente del Valle | Sunderland
YENI OYUNCU,Luis Engelns,TSG Hoffenheim,SC Paderborn II | SC Paderborn | TSG Hoffenheim II | TSG Hoffenheim
YENI OYUNCU,Mats Rots,TSG Hoffenheim,Twente | Heracles Almelo | TSG Hoffenheim
YENI OYUNCU,Daniel Bragança,Torino,Sporting CP | Farense | Estoril | Sporting CP B | Torino
YENI OYUNCU,"Mark McKenzie (soccer, born 1999)",Toulouse,Bethlehem Steel | Philadelphia Union | Genk | Toulouse
YENI OYUNCU,Sion Oppong,Toulouse,IF Brommapojkarna | Viggbyholms IK | FC Stockholm | Toulouse
YENI OYUNCU,Niko Sigur,Toulouse,Hajduk Split | Toulouse
YENI OYUNCU,Ahmet Doğan Yıldırım,Trabzonspor,Trabzonspor
YENI OYUNCU,Franculino Djú,Trabzonspor,Midtjylland | Trabzonspor
YENI OYUNCU,Onuralp Çevikkan,Trabzonspor,Trabzonspor
YENI OYUNCU,Arseniy Batagov,Trabzonspor,Dnipro | Dnipro-1 | Polissya Zhytomyr | Zorya Luhansk | Trabzonspor
YENI OYUNCU,Sidny Lopes Cabral,Trabzonspor,Rot-Weiß Erfurt | Viktoria Köln | Estrela da Amadora | Benfica | Trabzonspor
YENI OYUNCU,Noah Saviolo,Trabzonspor,Vitória B | Vitória | Trabzonspor
YENI OYUNCU,Giorgi Chakvetadze,Udinese,Dinamo Tbilisi | Gent | Hamburger SV | Slovan Bratislava | Watford | Udinese
YENI OYUNCU,Bartosz Mrozek,Udinese,Lech Poznań II | Lech Poznań | Elana Toruń | GKS Katowice | Stal Mielec | Udinese
YENI OYUNCU,Kastriot Imeri,Union Berlin,Servette | Young Boys | Thun | Union Berlin
YENI OYUNCU,Linus Güther,Union Berlin,Union Berlin
YENI OYUNCU,Rufai Mohammed,Venezia,IF Elfsborg | IFK Värnamo | Venezia
YENI OYUNCU,Ramon Hendriks,VfB Stuttgart,Feyenoord | NAC Breda | Utrecht | Jong Utrecht | Vitesse | VfB Stuttgart
YENI OYUNCU,Josha Vagnoman,VfB Stuttgart,Hamburger SV | Hamburger SV II | VfB Stuttgart
YENI OYUNCU,Maximilian Mittelstädt,VfB Stuttgart,Hertha BSC II | Hertha BSC | VfB Stuttgart
YENI OYUNCU,Chris Führich,VfB Stuttgart,1. FC Köln II | 1. FC Köln | Borussia Dortmund II | SC Paderborn | VfB Stuttgart
YENI OYUNCU,Luca Jaquez,VfB Stuttgart,Luzern U21 | Luzern | VfB Stuttgart
YENI OYUNCU,Jeff Chabot,VfB Stuttgart,RB Leipzig II | Sparta Rotterdam | Groningen | Sampdoria | Spezia | 1. FC Köln | VfB Stuttgart
YENI OYUNCU,Finn Jeltsch,VfB Stuttgart,1. FC Nürnberg | VfB Stuttgart
YENI OYUNCU,Justin Diehl,VfB Stuttgart,1. FC Köln | 1. FC Köln II | VfB Stuttgart | VfB Stuttgart II
YENI OYUNCU,Leo Sauer,VfB Stuttgart,Žilina B | Žilina | Feyenoord | NAC Breda | VfB Stuttgart
YENI OYUNCU,Timo Horn,VfL Bochum,1. FC Köln II | 1. FC Köln | Red Bull Salzburg | VfL Bochum
YENI OYUNCU,Sean Klaiber,VfL Bochum,Utrecht | Dordrecht | Jong Utrecht | Ajax | Brøndby | VfL Bochum
YENI OYUNCU,Jarne Steuckers,VfL Bochum,Sint-Truiden | MVV | Genk | VfL Bochum
YENI OYUNCU,Nathan Saliba,Villarreal,CF Montréal | CF Montréal U23 | Anderlecht | Villarreal
YENI OYUNCU,Stefan Smarkalev,Werder Bremen,Botev Plovdiv II | Botev Plovdiv | Werder Bremen II | Werder Bremen
YENI OYUNCU,Youri Regeer,Werder Bremen,Jong Ajax | Ajax | Twente | Werder Bremen
YENI OYUNCU,Oliver Scarles,West Ham United,West Ham United
YENI OYUNCU,Edvin Austbø,West Ham United,Viking 2 | Viking | Sandnes Ulf | West Ham United
YENI OYUNCU,Airidas Golambeckis,West Ham United,West Ham United
YENI OYUNCU,Ezra Mayers,West Ham United,West Ham United
YENI OYUNCU,Joshua Ajala,West Ham United,West Ham United
YENI OYUNCU,Sean Neave,Wolverhampton Wanderers,Newcastle United | Wolverhampton Wanderers
YENI OYUNCU,Mateus Mané,Wolverhampton Wanderers,Wolverhampton Wanderers
YENI OYUNCU,Tom Edozie,Wolverhampton Wanderers,Wolverhampton Wanderers
veri setinde yok,Frank Feller,1. FC Heidenheim,
veri setinde yok,Paul Hennrich,1. FC Heidenheim,
veri setinde yok,Paul Tschernuth,1. FC Heidenheim,
veri setinde yok,Yannik Wagner,1. FC Heidenheim,
veri setinde yok,Felix Mark,1. FC Heidenheim,
veri setinde yok,Marko Zrilić,1. FC Heidenheim,
veri setinde yok,Léo-Paul Andre Jean Bouyer Thiel,AC Milan,
veri setinde yok,Enes Demirtaş,Adana Demirspor,
veri setinde yok,Hasan Alp Kaya,Adana Demirspor,
veri setinde yok,Aslan Atay,Adana Demirspor,
veri setinde yok,Sefa Gülay,Adana Demirspor,
veri setinde yok,Demir Yavuz,Adana Demirspor,
veri setinde yok,Diyar Zengin,Adana Demirspor,
veri setinde yok,Kürşat Türkeş Küçük,Adana Demirspor,
veri setinde yok,Mert Menemencioğlu,Adana Demirspor,
veri setinde yok,Ahmet Bolat,Adana Demirspor,
veri setinde yok,Ahmet Arda Birinci,Adana Demirspor,
veri setinde yok,Gökdeniz Tunç,Adana Demirspor,
veri setinde yok,Yusuf Demirkıran,Adana Demirspor,
veri setinde yok,Aykut Sarıkaya,Adana Demirspor,
veri setinde yok,Murat Eser,Adana Demirspor,
veri setinde yok,Doğuhan Asım Dübüş,Adana Demirspor,
veri setinde yok,Ata Gül,Adana Demirspor,
veri setinde yok,Yücel Gürol,Adana Demirspor,
veri setinde yok,Ali Fidan,Adana Demirspor,
veri setinde yok,Ali Arda Yıldız,Adana Demirspor,
veri setinde yok,Halil Eray Aktaş,Adana Demirspor,
veri setinde yok,Osman Kaynak,Adana Demirspor,
veri setinde yok,Ahmet Yılmaz,Adana Demirspor,
veri setinde yok,Ulaş İmergi,Adana Demirspor,
veri setinde yok,Kayra Saygan,Adana Demirspor,
veri setinde yok,Eren Fidan,Adana Demirspor,
veri setinde yok,Bedirhan Özyurt,Alanyaspor,
veri setinde yok,Omar Ben Ali,Alanyaspor,
veri setinde yok,Arda Usluoğlu,Alanyaspor,
veri setinde yok,Mert Bayram,Alanyaspor,
veri setinde yok,Arouna Soro,Alanyaspor,
veri setinde yok,Şahin Dik,Alanyaspor,
veri setinde yok,Mahmut Can Kara,Alanyaspor,
veri setinde yok,Bilal Demirağ,Alanyaspor,
veri setinde yok,Nejdet Bilin,Alanyaspor,
veri setinde yok,Miraç Acer,Amedspor,
veri setinde yok,Muhammed Yıldırım,Amedspor,
veri setinde yok,Mohamed Khalil,Amedspor,
veri setinde yok,Berk Kızıldemir,Amedspor,
veri setinde yok,Veysel Sapan,Amedspor,
veri setinde yok,Berat Perçin,Amedspor,
veri setinde yok,Maël Gernigon,Angers,
veri setinde yok,Bané Diatta,Angers,
veri setinde yok,Ensar Buğra Tivsiz,Antalyaspor,
veri setinde yok,Doğukan Özkan,Antalyaspor,
veri setinde yok,Samet Karakoç,Antalyaspor,
veri setinde yok,Yakub İlçin,Antalyaspor,
veri setinde yok,Ahmet Sağat,Antalyaspor,
veri setinde yok,Bachir Gueye,Antalyaspor,
veri setinde yok,Ismail Chehaima,Antalyaspor,
veri setinde yok,Hasan Ürkmez,Antalyaspor,
veri setinde yok,Mevlüt Şimşek,Antalyaspor,
veri setinde yok,Ege İzmirli,Antalyaspor,
veri setinde yok,Kağan Arıcan,Antalyaspor,
veri setinde yok,Jack Porter,Arsenal,
veri setinde yok,Thomas Pompei,Atalanta,
veri setinde yok,Elikya Legros,Auxerre,
veri setinde yok,Louis Mezerette,Auxerre,
veri setinde yok,Orian Goren,Barcelona,
veri setinde yok,Iker Rodríguez,Barcelona,
veri setinde yok,Ege Öztürk,Başakşehir,
veri setinde yok,Batuhan Çelik,Başakşehir,
veri setinde yok,Luca Stančić,Başakşehir,
veri setinde yok,Diogo Ferreira,Benfica,
veri setinde yok,José Neto,Benfica,
veri setinde yok,Ángel Romero,Boca Juniors,
veri setinde yok,Sebastián Villa,Boca Juniors,
veri setinde yok,Juan Barinaga,Boca Juniors,
veri setinde yok,Walter Molas,Boca Juniors,
veri setinde yok,Juan Ramírez,Boca Juniors,
veri setinde yok,Tomás Márquez,Boca Juniors,
veri setinde yok,Lautaro Mendieta,Boca Juniors,
veri setinde yok,Juan Cruz Payal,Boca Juniors,
veri setinde yok,Franco Pérez,Boca Juniors,
veri setinde yok,:es:Gonzalo Gelini,Boca Juniors,
veri setinde yok,Matías Calegari,Boca Juniors,
veri setinde yok,Facundo Herrera,Boca Juniors,
veri setinde yok,Rodrigo Bacidalupe,Boca Juniors,
veri setinde yok,Miguel Ventos,Boca Juniors,
veri setinde yok,Matías Satas,Boca Juniors,
veri setinde yok,Baltazar Blum,Boca Juniors,
veri setinde yok,Joaquín Piñeyro,Boca Juniors,
veri setinde yok,Dante González,Boca Juniors,
veri setinde yok,Gadiel Paoli,Boca Juniors,
veri setinde yok,Juan Pussetto,Boca Juniors,
veri setinde yok,:es:Joaquín Ruiz (futbolista),Boca Juniors,
veri setinde yok,Kevin Ferreira,Boca Juniors,
veri setinde yok,Taha Emre İnce,Bodrumspor,
veri setinde yok,Ahmet Özkaya,Bodrumspor,
veri setinde yok,Berkay Sülüngöz,Bodrumspor,
veri setinde yok,Samuel Abifade,Bodrumspor,
veri setinde yok,Yekta Sönmez,Bodrumspor,
veri setinde yok,Ismaila Manga,Bodrumspor,
veri setinde yok,Efehan Pekdemir,Bodrumspor,
veri setinde yok,Emre Koyuncu,Bodrumspor,
veri setinde yok,Hüseyin İşlek,Bodrumspor,
veri setinde yok,Mesut Özdemir,Bodrumspor,
veri setinde yok,Bekir Karadeniz,Bodrumspor,
veri setinde yok,Onuralp Çakıroğlu,Bodrumspor,
veri setinde yok,Furkan Doğan,Bodrumspor,
veri setinde yok,Tarık Tekdal,Bodrumspor,
veri setinde yok,Safa Yıldırım,Bodrumspor,
veri setinde yok,Erdem Gökçe,Bodrumspor,
veri setinde yok,Mirko Sušak,Bodrumspor,
veri setinde yok,Ahmet Mert Koşar,Bodrumspor,
veri setinde yok,Bedirhan Akbaba,Bodrumspor,
veri setinde yok,Marco Libra,Bologna,
veri setinde yok,Davide Franzini,Bologna,
veri setinde yok,Noé Poillion,Brest,
veri setinde yok,Ibrahim Kanté,Brest,
veri setinde yok,Samba Diop,Brest,
veri setinde yok,Mathis Lainé,Brest,
veri setinde yok,Romain Cagnon,Brest,
veri setinde yok,Raphael Kofler,Cagliari,
veri setinde yok,Demi Akarakiri,Cagliari,
veri setinde yok,Nicola Grandu,Cagliari,
veri setinde yok,James Forrest,Celtic,
veri setinde yok,Reggie Watson,Chelsea,
veri setinde yok,Mahdi Nicoll-Jazuli,Chelsea,
veri setinde yok,Olutayo Subuloye,Chelsea,
veri setinde yok,Riccardo Cassano,Como,
veri setinde yok,Matheuzinho,Corinthians,
veri setinde yok,Hugo,Corinthians,
veri setinde yok,Dieguinho,Corinthians,
veri setinde yok,Amil Šiljević,Eintracht Frankfurt,
veri setinde yok,Edoardo Saporiti,Empoli,
veri setinde yok,Jacopo Seghetti,Empoli,
veri setinde yok,Emiliano Filippis,Empoli,
veri setinde yok,Gabriele Indragoli,Empoli,
veri setinde yok,Lorenzo Tosto,Empoli,
veri setinde yok,Matteo Egan,Empoli,
veri setinde yok,Dawid Bembnista,Empoli,
veri setinde yok,Danilo Busiello,Empoli,
veri setinde yok,Andrea Sodero,Empoli,
veri setinde yok,Lapo Deli,Empoli,
veri setinde yok,Erkan Anapa,Erzurumspor,
veri setinde yok,Cengizhan Bayrak,Erzurumspor,
veri setinde yok,Ömer Arda Kara,Erzurumspor,
veri setinde yok,Matija Orbanić,Erzurumspor,
veri setinde yok,Kerem Erener,Erzurumspor,
veri setinde yok,Mustafa Fettahoğlu,Erzurumspor,
veri setinde yok,Emre Erdem,Erzurumspor,
veri setinde yok,Şerefhan Sağlık,Erzurumspor,
veri setinde yok,Yiğit Baran Karaoğlan,Erzurumspor,
veri setinde yok,Emirhan Acar,Erzurumspor,
veri setinde yok,Carlos Ángel Ramón Serrano Mañolás,Espanyol,
veri setinde yok,Marcelo Esteban Standardo Fraulo,Espanyol,
veri setinde yok,Adama Timera,Espanyol,
veri setinde yok,Patricio Nicolás Quentarós Medusa,Espanyol,
veri setinde yok,Cristián Sebastián Mantorrás Pulído,Espanyol,
veri setinde yok,Llorenç Serred Martínez,Espanyol,
veri setinde yok,José Ángel López Gálvez,Espanyol,
veri setinde yok,András Camerón Álvarez Martínez Núñez,Espanyol,
veri setinde yok,Arda Yavuz,Eyüpspor,
veri setinde yok,David Costa,Eyüpspor,
veri setinde yok,Charles-André Raux-Yao,Eyüpspor,
veri setinde yok,Berhan Şatlı,Eyüpspor,
veri setinde yok,Ömer Ceyhan,Eyüpspor,
veri setinde yok,Christ Sadia,Eyüpspor,
veri setinde yok,Musa Eren Karakaş,Eyüpspor,
veri setinde yok,Umut Keseci,Eyüpspor,
veri setinde yok,Erdem Çalık,Eyüpspor,
veri setinde yok,Diabel Ndoye,Eyüpspor,
veri setinde yok,Abdou Khadre Sy,Eyüpspor,
veri setinde yok,Tom Wisbereit,FC Augsburg,
veri setinde yok,Marwin Schmitz,FC St. Pauli,
veri setinde yok,Tarık Buğra Kalpaklı,Fatih Karagümrük,
veri setinde yok,Yaya Onogo,Fatih Karagümrük,
veri setinde yok,Candan Başkale,Fatih Karagümrük,
veri setinde yok,Burhan Ersoy,Fatih Karagümrük,
veri setinde yok,Ahmed Traore,Fatih Karagümrük,
veri setinde yok,Muhammed Kadıoğlu,Fatih Karagümrük,
veri setinde yok,Anıl Yiğit Çınar,Fatih Karagümrük,
veri setinde yok,Çağrı Balta,Fenerbahçe,
veri setinde yok,Tijme Wessels,Feyenoord,
veri setinde yok,Mannou Berger,Feyenoord,
veri setinde yok,Alieu Njie,Fiorentina,
veri setinde yok,Brando Mazzeo,Fiorentina,
veri setinde yok,Antonio Pirrò,Fiorentina,
veri setinde yok,Jacopo Tarantino,Fiorentina,
veri setinde yok,Agustín Rossi,Flamengo,
veri setinde yok,Léo Pereira,Flamengo,
veri setinde yok,Andrew,Flamengo,
veri setinde yok,Vitão,Flamengo,
veri setinde yok,Caio Vinicius Garcia Guilhen,Flamengo,
veri setinde yok,Josmar Silva Miranda,Flamengo,
veri setinde yok,Juan Sayago,Flamengo,
veri setinde yok,Daniel Sales,Flamengo,
veri setinde yok,João Vitor Andrade Couto Lauredo,Flamengo,
veri setinde yok,Ernest Muñoz,Flamengo,
veri setinde yok,Antônio Germano da Silva Neto,Flamengo,
veri setinde yok,Gustavo Ramires,Flamengo,
veri setinde yok,Kaio Júnior,Flamengo,
veri setinde yok,Kaio Nóbrega,Flamengo,
veri setinde yok,Pedro Batista,Flamengo,
veri setinde yok,Lucas Vieira dos Santos,Flamengo,
veri setinde yok,Gusttavo de Sousa Oliveira,Flamengo,
veri setinde yok,Luiz Felipe Mariano dos Santos,Flamengo,
veri setinde yok,Gabriel Amancio,Flamengo,
veri setinde yok,Joshua,Flamengo,
veri setinde yok,João Camargo,Flamengo,
veri setinde yok,Jheferson Vinicius Medino Rufino,Flamengo,
veri setinde yok,Gabriel Werneck,Flamengo,
veri setinde yok,Daniel Thuram,Flamengo,
veri setinde yok,Josh King,Fulham,
veri setinde yok,Alex Borto,Fulham,
veri setinde yok,Arda Yılmaz,Galatasaray,
veri setinde yok,Enes Büyük,Galatasaray,
veri setinde yok,Arda Tagay,Galatasaray,
veri setinde yok,Cem Eroğlu,Galatasaray,
veri setinde yok,Yusuf Sivaslıoğlu,Galatasaray,
veri setinde yok,Oğulcan Yançel,Galatasaray,
veri setinde yok,Mustafa Duru,Galatasaray,
veri setinde yok,Dağhan Kahraman,Galatasaray,
veri setinde yok,Eyüp Karasu,Galatasaray,
veri setinde yok,Furkan Koçak,Galatasaray,
veri setinde yok,Cihan Akgün,Galatasaray,
veri setinde yok,Onur Yıldız,Galatasaray,
veri setinde yok,Ali Osman Kalın,Gaziantep,
veri setinde yok,Sabahattin Destici,Gaziantep,
veri setinde yok,Cemilhan Aslan,Gaziantep,
veri setinde yok,Fuat Bavuk,Gaziantep,
veri setinde yok,Burak Enes Yıkıcı,Gaziantep,
veri setinde yok,Taha Güneş,Gaziantep,
veri setinde yok,İbrahim Kağan Alkış,Gaziantep,
veri setinde yok,Muhammet Akmelek,Gaziantep,
veri setinde yok,Kadir Gümüş,Gaziantep,
veri setinde yok,Burak Enes Yıkıcı,Gaziantep,
veri setinde yok,Taha Güneş,Gaziantep,
veri setinde yok,Mamedi Doucouré,Genoa,
veri setinde yok,Marcelo Vaz,Genoa,
veri setinde yok,Adam Žulevič,Genoa,
veri setinde yok,Stefano Arata,Genoa,
veri setinde yok,Hamza Aydar,Gençlerbirliği,
veri setinde yok,Arda Çağan Çelik,Gençlerbirliği,
veri setinde yok,Erk Aslan,Gençlerbirliği,
veri setinde yok,Göktuğ Erdem,Gençlerbirliği,
veri setinde yok,Ensar Çavuşoğlu,Gençlerbirliği,
veri setinde yok,Berk Deniz Çukurcu,Gençlerbirliği,
veri setinde yok,Ayaz Özcan,Gençlerbirliği,
veri setinde yok,Dilhan Demir,Gençlerbirliği,
veri setinde yok,Arda Akgül,Gençlerbirliği,
veri setinde yok,Mauro Landim Furtado,Girona,
veri setinde yok,Ege Yıldırım,Göztepe,
veri setinde yok,Bekir Turaç Böke,Göztepe,
veri setinde yok,Nevzat Üzel,Göztepe,
veri setinde yok,Mehmet Şamil Öztürk,Göztepe,
veri setinde yok,Janderson,Göztepe,
veri setinde yok,Muhammed Gönülaçar,Hatayspor,
veri setinde yok,Baran Sarka,Hatayspor,
veri setinde yok,Deniz Aksoy,Hatayspor,
veri setinde yok,Yilmaz Cin,Hatayspor,
veri setinde yok,Ünal Durmuşhan,Hatayspor,
veri setinde yok,Ali Yıldız,Hatayspor,
veri setinde yok,Seyit Gazanfer,Hatayspor,
veri setinde yok,Cenk Doğan,Hatayspor,
veri setinde yok,Yunus Azrak,Hatayspor,
veri setinde yok,Birhan Vatansever,Hatayspor,
veri setinde yok,Eren Güler,Hatayspor,
veri setinde yok,Ersin Aydemir,Hatayspor,
veri setinde yok,Demir Sarıcalı,Hatayspor,
veri setinde yok,Taylan Özgün,Hatayspor,
veri setinde yok,Sinan Özen,Hatayspor,
veri setinde yok,Sharif Ozman,Hatayspor,
veri setinde yok,Musa Abdulahi Danjuma,Hatayspor,
veri setinde yok,Abdulkadir Adıyaman,Hatayspor,
veri setinde yok,Mert Çiçek,Hatayspor,
veri setinde yok,Emir Dadük,Hatayspor,
veri setinde yok,Rakhim Chaadaev,Hatayspor,
veri setinde yok,Halil Cen Cemali,Hatayspor,
veri setinde yok,Mehmet Haluk Alagöz,Hatayspor,
veri setinde yok,Prince Ating,Hatayspor,
veri setinde yok,Yiğit Ali Buz,Hatayspor,
veri setinde yok,Melih Şen,Hatayspor,
veri setinde yok,Mustafa Said Aydın,Hatayspor,
veri setinde yok,Leorat Bega,Hellas Verona,
veri setinde yok,Giacomo Toniolo,Hellas Verona,
veri setinde yok,Charlys,Hellas Verona,
veri setinde yok,Noe Mael Tagne,Hellas Verona,
veri setinde yok,Salvatore Cerbone,Hellas Verona,
veri setinde yok,Nicolò Calabrese,Hellas Verona,
veri setinde yok,Ruben Akalé,Hellas Verona,
veri setinde yok,Arthur Borghi,Hellas Verona,
veri setinde yok,Davide De Battisti,Hellas Verona,
veri setinde yok,Moritz Reimers,Holstein Kiel,
veri setinde yok,Ikem Ugoh,Holstein Kiel,
veri setinde yok,Tayar Tasdelen,Holstein Kiel,
veri setinde yok,Leon Parduzi,Holstein Kiel,
veri setinde yok,Lio Rothenhagen,Holstein Kiel,
veri setinde yok,Caspar Medlin,Holstein Kiel,
veri setinde yok,Hamza Muqaj,Holstein Kiel,
veri setinde yok,Ben Schmit,Holstein Kiel,
veri setinde yok,Leonardo Bovio,Inter Milan,
veri setinde yok,Mattia Marello,Inter Milan,
veri setinde yok,Leonardo Bovio,Internazionale,
veri setinde yok,Mattia Marello,Internazionale,
veri setinde yok,Riccardo Radu,Juventus,
veri setinde yok,Sinan Alkaş,Kasımpaşa,
veri setinde yok,Salih Arıcı,Kasımpaşa,
veri setinde yok,Ahmet Taha Dağbaşı,Kasımpaşa,
veri setinde yok,Ramazan Özkanlı,Kasımpaşa,
veri setinde yok,Sercan Deniz,Kasımpaşa,
veri setinde yok,Ege Albayrak,Kasımpaşa,
veri setinde yok,Emirhan Boz,Kasımpaşa,
veri setinde yok,Muhammed Emin Bektaş,Kasımpaşa,
veri setinde yok,Emirhan Yiğit,Kasımpaşa,
veri setinde yok,Kayra Cihan,Kayserispor,
veri setinde yok,Murat Uçar,Kayserispor,
veri setinde yok,Muhammed Eren Arıkan,Kayserispor,
veri setinde yok,Fethi Özer,Kayserispor,
veri setinde yok,Malik Hayvalı,Kayserispor,
veri setinde yok,Mamadi Camará,Kayserispor,
veri setinde yok,Ataol Taylan Karapınar,Kayserispor,
veri setinde yok,Cenk Şen,Kayserispor,
veri setinde yok,Abdulsamet Burak,Kayserispor,
veri setinde yok,Mert Göckan,Kayserispor,
veri setinde yok,Muharrem Cinan,Kocaelispor,
veri setinde yok,Arda Özyar,Kocaelispor,
veri setinde yok,Ege Bilim,Kocaelispor,
veri setinde yok,Onur Öztonga,Kocaelispor,
veri setinde yok,Serhat Öztaşdelen,Kocaelispor,
veri setinde yok,Bedirhan Yıldız,Kocaelispor,
veri setinde yok,Aleksandar Jovanović,Kocaelispor,
veri setinde yok,Mikdat Çil,Kocaelispor,
veri setinde yok,Talha Polat,Kocaelispor,
veri setinde yok,Hulusi Destici,Kocaelispor,
veri setinde yok,Ata Yanık,Konyaspor,
veri setinde yok,Mücahit İbrahimoğlu,Konyaspor,
veri setinde yok,Ömer Çobanoğlu,Konyaspor,
veri setinde yok,Egemen Aydın,Konyaspor,
veri setinde yok,Da Mata,Konyaspor,
veri setinde yok,Emir Gündoğdu,Konyaspor,
veri setinde yok,Davide Renzetti,Lazio,
veri setinde yok,Valerio Farcomeni,Lazio,
veri setinde yok,Ricardo Bordon,Lazio,
veri setinde yok,Leonardo Di Tommaso,Lazio,
veri setinde yok,Guy-Noël Zohouri,Le Havre,
veri setinde yok,Plamen Penev,Lecce,
veri setinde yok,Hjalte Lærke,Lecce,
veri setinde yok,Marlon Ubani,Lecce,
veri setinde yok,Vernon Addo,Lecce,
veri setinde yok,Miloš Jović,Lecce,
veri setinde yok,Christian Lupo,Lecce,
veri setinde yok,Ilan Jourdren,Lens,
veri setinde yok,Yvann Konan,Lyon,
veri setinde yok,Matthias Da Silva,Lyon,
veri setinde yok,Melvyn Otobo,Lyon,
veri setinde yok,Yacine Chaïb,Lyon,
veri setinde yok,Pierre Dorival,Lyon,
veri setinde yok,Maximilian Kinzig,Mainz 05,
veri setinde yok,Guille Fernández,Mallorca,
veri setinde yok,Kian Noble,Manchester City,
veri setinde yok,Théo Vermot,Marseille,
veri setinde yok,Kelyann Bezahaf,Marseille,
veri setinde yok,Jules Stawiecki,Monaco,
veri setinde yok,Nabil Homssa,Montpellier,
veri setinde yok,Daryll Benlahlou,Montpellier,
veri setinde yok,Yvan Djemba Mbappé,Montpellier,
veri setinde yok,Jérémy Hatchi,Montpellier,
veri setinde yok,Kevin Kamdem,Montpellier,
veri setinde yok,Grégory Ayem,Montpellier,
veri setinde yok,Aleksandr Ballabio,Monza,
veri setinde yok,Alexis Mirbach,Nantes,
veri setinde yok,Yanel Zézé,Nantes,
veri setinde yok,Malang Gomes,Nantes,
veri setinde yok,Sacha Ziani,Nantes,
veri setinde yok,Christian Garofalo,Napoli,
veri setinde yok,Nassim Laarej,Nice,
veri setinde yok,Xavier Mandza,Nice,
veri setinde yok,Djibril Coulibaly,Nice,
veri setinde yok,Martin Ponsot,Nice,
veri setinde yok,Everton Pereira,Nice,
veri setinde yok,Mauro Echegoyen Berrozpe,Osasuna,
veri setinde yok,Kodai Sano,PSV,
veri setinde yok,David Romero,Parma,
veri setinde yok,Abdou-Salam Konate,Parma,
veri setinde yok,Dominik Drobnič,Parma,
veri setinde yok,Alessandro Mazzocchi,Parma,
veri setinde yok,Andrea Primasso,Pisa,
veri setinde yok,Tommaso Marras,Pisa,
veri setinde yok,Jeremy Mbambi,Pisa,
veri setinde yok,Omar Correia,Pisa,
veri setinde yok,Simone Zanon,Pisa,
veri setinde yok,Cláudio Ramos,Porto,
veri setinde yok,Vasco Sousa,Porto,
veri setinde yok,João Afonso,Porto,
veri setinde yok,Benno Kaltefleiter,RB Leipzig,
veri setinde yok,Mario Rivas,Real Madrid,
veri setinde yok,John Otomewo<ref>{{cite web,Reims,
veri setinde yok,Tidiane Diarrassouba,Reims,
veri setinde yok,Arone Gadou,Reims,
veri setinde yok,Maël Debondt,Reims,
veri setinde yok,Lenny Sylla,Reims,
veri setinde yok,Kilian Belazzoug,Rennes,
veri setinde yok,Francisco Ortega,River Plate,
veri setinde yok,Franco Jaroszewicz,River Plate,
veri setinde yok,Agustín Obregón,River Plate,
veri setinde yok,Santiago Espíndola,River Plate,
veri setinde yok,Maximiliano Soria,River Plate,
veri setinde yok,Lucas Flores,River Plate,
veri setinde yok,Tobias Goytia,River Plate,
veri setinde yok,Ángel Susano,River Plate,
veri setinde yok,Zakaria Ariss,Rizespor,
veri setinde yok,Umut Erdem,Rizespor,
veri setinde yok,Hasan Döne,Rizespor,
veri setinde yok,Emirhan Yılmaz,Rizespor,
veri setinde yok,Mustafa Coşkun Tosun,Rizespor,
veri setinde yok,Yakup Ayan,Rizespor,
veri setinde yok,Efe Doğan,Rizespor,
veri setinde yok,Habib Özbakır,Rizespor,
veri setinde yok,Muhammed Baltacı,Rizespor,
veri setinde yok,Rouven Tarnutzer,SC Freiburg,
veri setinde yok,Igor Drapiński,Samsunspor,
veri setinde yok,Efe Yiğit Üstün,Samsunspor,
veri setinde yok,Enes Albak,Samsunspor,
veri setinde yok,Saikuba Jarju,Samsunspor,
veri setinde yok,Mustafa Tan,Samsunspor,
veri setinde yok,Efe Berat Töruz,Samsunspor,
veri setinde yok,Kerem Fidan,Samsunspor,
veri setinde yok,Rony,Santos,
veri setinde yok,Gustavo Caballero,Santos,
veri setinde yok,João Ananias,Santos,
veri setinde yok,Gonzalo Escobar,Santos,
veri setinde yok,Nadson,Santos,
veri setinde yok,Vinicius Freitas Fabri,Santos,
veri setinde yok,Lorenzo Nyarko,Sassuolo,
veri setinde yok,Giorgio Vezzosi,Sassuolo,
veri setinde yok,Johannes Siebeking,Schalke 04,
veri setinde yok,Luca Vozar,Schalke 04,
veri setinde yok,Rafael Romero Morilla,Sevilla,
veri setinde yok,Manuel Ángel Castillo,Sevilla,
veri setinde yok,Iker Ortín Muñoz,Sevilla,
veri setinde yok,Eduardo Altozano Agudo,Sevilla,
veri setinde yok,Isaque,Shakhtar Donetsk,
veri setinde yok,Denys Tvardovskyi,Shakhtar Donetsk,
veri setinde yok,Bruninho,Shakhtar Donetsk,
veri setinde yok,Roman Savchenko,Shakhtar Donetsk,
veri setinde yok,Oleh Pushkaryov,Shakhtar Donetsk,
veri setinde yok,Kamil Fidan,Sivasspor,
veri setinde yok,Arda Erdursun,Sivasspor,
veri setinde yok,Salih Kavrazlı,Sivasspor,
veri setinde yok,Eymen Yurdcu,Sivasspor,
veri setinde yok,Yiğit Baynazoğlu,Sivasspor,
veri setinde yok,Oğuzhan Aksoy,Sivasspor,
veri setinde yok,Yusuf Kefkir,Sivasspor,
veri setinde yok,Savaş Ala,Sivasspor,
veri setinde yok,Yılmaz Cin,Sivasspor,
veri setinde yok,João Simões,Sporting CP,
veri setinde yok,Ibrahima Ba,Sporting CP,
veri setinde yok,Giovanni Reyna,Strasbourg,
veri setinde yok,Natnael Abraha,TSG Hoffenheim,
veri setinde yok,Luca Philipp,TSG Hoffenheim,
veri setinde yok,Diego Mascardi,Torino,
veri setinde yok,Lapo Siviero,Torino,
veri setinde yok,Andrea Luongo,Torino,
veri setinde yok,Manuel Carrascosa,Torino,
veri setinde yok,Zalán Kugyela,Torino,
veri setinde yok,Christ Tapé,Toulouse,
veri setinde yok,Gaëtan Bakhouche,Toulouse,
veri setinde yok,Aymen Amaaouch,Toulouse,
veri setinde yok,Ismaïl Diallo,Toulouse,
veri setinde yok,Erol Can Çolak,Trabzonspor,
veri setinde yok,Ali Habeşoğlu,Trabzonspor,
veri setinde yok,Giulio Vinciati,Udinese,
veri setinde yok,Lazar Jovanović,Udinese,
veri setinde yok,Edoardo Piana,Udinese,
veri setinde yok,Andrik Markgraf,Union Berlin,
veri setinde yok,Mekhi Gray,Union Berlin,
veri setinde yok,Julien Friedrich,Union Berlin,
veri setinde yok,Alessio Pozzi,Venezia,
veri setinde yok,Lorenzo Berardi,Venezia,
veri setinde yok,Ertuğrul Yiğit,VfB Stuttgart,
veri setinde yok,Yiğit Karademir,VfL Bochum,
veri setinde yok,Babis Drakas,VfL Bochum,
veri setinde yok,Leon Sawas,VfL Bochum,
veri setinde yok,Tom Meyer,VfL Bochum,
veri setinde yok,Luis Pick,VfL Bochum,
veri setinde yok,Alessandro Crimaldi,VfL Bochum,
veri setinde yok,Hugo Rölleke,VfL Bochum,
veri setinde yok,Lasse Isbruch,VfL Bochum,
veri setinde yok,Aurel Wagbe,VfL Bochum,
veri setinde yok,Pharell Hensel,VfL Wolfsburg,
veri setinde yok,Bruno Katz,VfL Wolfsburg,
veri setinde yok,Trevor Benedict,VfL Wolfsburg,
veri setinde yok,Darwin Soylu,Werder Bremen,
veri setinde yok,Luca Höcker,Werder Bremen,
veri setinde yok,Mats Heitmann,Werder Bremen,
veri setinde yok,Paul Erevbenagie,Werder Bremen,
veri setinde yok,Morato,West Ham United,
veri setinde yok,Zakaria Ariss,Çaykur Rizespor,
veri setinde yok,Umut Erdem,Çaykur Rizespor,
veri setinde yok,Hasan Döne,Çaykur Rizespor,
veri setinde yok,Emirhan Yılmaz,Çaykur Rizespor,
veri setinde yok,Mustafa Coşkun Tosun,Çaykur Rizespor,
veri setinde yok,Yakup Ayan,Çaykur Rizespor,
veri setinde yok,Efe Doğan,Çaykur Rizespor,
veri setinde yok,Habib Özbakır,Çaykur Rizespor,
veri setinde yok,Muhammed Baltacı,Çaykur Rizespor,
veri setinde yok,Ege Öztürk,İstanbul Başakşehir,
veri setinde yok,Batuhan Çelik,İstanbul Başakşehir,
veri setinde yok,Luca Stančić,İstanbul Başakşehir,
sayfa bulunamadi,,Beşiktaş,
