club,score,distinct_partners,shared_player_slots,top_partners
Barcelona,11781,27,243,"Atlético Madrid (1110); Sevilla (936); Paris Saint-Germain (803); Real Madrid (793); Ajax (737)"
Chelsea,11514,26,258,"Arsenal (1166); Manchester City (1089); AC Milan (917); Manchester United (805); Real Madrid (740)"
Inter Milan,10432,27,248,"AC Milan (1379); Juventus (1208); Napoli (603); Barcelona (579); Galatasaray (518)"
AC Milan,10304,26,230,"Inter Milan (1379); Juventus (1175); Chelsea (917); Paris Saint-Germain (673); Real Madrid (640)"
Juventus,10129,26,256,"Inter Milan (1208); AC Milan (1175); Napoli (1163); Barcelona (477); Real Madrid (466)"
Manchester City,10049,26,268,"Manchester United (1105); Chelsea (1089); Arsenal (852); Liverpool (797); Celtic (739)"
Real Madrid,9964,25,209,"Sevilla (879); Atlético Madrid (872); Barcelona (793); Chelsea (740); Paris Saint-Germain (727)"
Atlético Madrid,9545,26,229,"Barcelona (1110); Sevilla (892); Real Madrid (872); Villarreal (656); Benfica (616)"
Fenerbahçe,9263,26,171,"Beşiktaş (1761); Galatasaray (1373); Trabzonspor (894); Benfica (472); Inter Milan (416)"
Manchester United,8569,26,220,"Manchester City (1105); Chelsea (805); Ajax (519); Inter Milan (507); Liverpool (507)"
Galatasaray,8298,26,179,"Fenerbahçe (1373); Beşiktaş (1026); Trabzonspor (871); Inter Milan (518); Atlético Madrid (361)"
Beşiktaş,7976,27,167,"Fenerbahçe (1761); Galatasaray (1026); Trabzonspor (1019); Benfica (554); AC Milan (298)"
Liverpool,7630,27,197,"Manchester City (797); Chelsea (671); Celtic (537); Manchester United (507); Real Madrid (469)"
Arsenal,7510,27,189,"Chelsea (1166); Manchester City (852); Barcelona (561); Manchester United (488); Juventus (449)"
Paris Saint-Germain,7507,25,146,"Barcelona (803); Real Madrid (727); AC Milan (673); Benfica (552); Juventus (457)"
Sevilla,7494,26,211,"Barcelona (936); Atlético Madrid (892); Real Madrid (879); Villarreal (549); Paris Saint-Germain (321)"
Benfica,6838,26,161,"Atlético Madrid (616); Beşiktaş (554); Paris Saint-Germain (552); Fenerbahçe (472); Barcelona (417)"
Ajax,6297,26,146,"Barcelona (737); Manchester United (519); Inter Milan (405); Juventus (352); AC Milan (343)"
Napoli,6290,26,174,"Juventus (1163); Inter Milan (603); AC Milan (545); Chelsea (408); Galatasaray (345)"
Bayern Munich,6081,27,115,"Borussia Dortmund (561); Liverpool (446); Juventus (427); Real Madrid (348); Barcelona (338)"
Trabzonspor,5478,24,125,"Beşiktaş (1019); Fenerbahçe (894); Galatasaray (871); Chelsea (271); Liverpool (208)"
Villarreal,5362,26,133,"Atlético Madrid (656); Barcelona (578); Sevilla (549); AC Milan (452); Real Madrid (317)"
Porto,5150,26,126,"Atlético Madrid (488); Chelsea (398); Inter Milan (354); Real Madrid (320); Sevilla (316)"
Borussia Dortmund,5058,25,106,"Bayern Munich (561); Barcelona (468); Manchester City (420); Chelsea (339); Arsenal (268)"
Celtic,3594,25,141,"Manchester City (739); Liverpool (537); Manchester United (387); Chelsea (361); Arsenal (325)"
RB Leipzig,2438,25,46,"Bayern Munich (247); Liverpool (206); Paris Saint-Germain (200); Atlético Madrid (182); Manchester United (157)"
Shakhtar Donetsk,1213,20,32,"Trabzonspor (118); Manchester City (111); Napoli (108); Galatasaray (86); Manchester United (85)"
Internazionale,834,11,47,"Napoli (313); Juventus (288); AC Milan (57); Bayern Munich (34); Porto (32)"