bizdeki_isim,sportsdb_isim,sportsdb_takim,uyruk,foto_tipi,foto_url
Diego Maradona,Diego Maradona,_Deceased Soccer,Argentina,strCutout,https://r2.thesportsdb.com/images/media/player/cutout/v298851606327825.png
Hakan Şükür,Hakan Sükür,_Retired Soccer,Turkey,strCutout,https://r2.thesportsdb.com/images/media/player/cutout/ccmne91664012665.png
Andrés Iniesta,Andres Iniesta,_Retired Soccer,Spain,strCutout,https://r2.thesportsdb.com/images/media/player/cutout/nx7oze1611167333.png
Arda Turan,Arda Turan,Shakhtar Donetsk,Turkey,strCutout,https://r2.thesportsdb.com/images/media/player/cutout/inx9db1581084982.png
David Beckham,David Beckham,Inter Miami,England,strCutout,https://r2.thesportsdb.com/images/media/player/cutout/jy70751586640389.png
Johan Cruyff,Johan Cruyff,_Deceased Soccer,The Netherlands,strCutout,https://r2.thesportsdb.com/images/media/player/cutout/ze75mx1594069754.png
Franz Beckenbauer,Franz Beckenbauer,_Deceased Soccer,Germany,strCutout,https://r2.thesportsdb.com/images/media/player/cutout/nkcqxh1704739821.png
Rüştü Reçber,Rüştü Reçber,_Retired Soccer,Turkey,strThumb,https://r2.thesportsdb.com/images/media/player/thumb/oae25r1596397526.jpg
Didier Drogba,Didier Drogba,_Retired Soccer,Ivory Coast,strCutout,https://r2.thesportsdb.com/images/media/player/cutout/50zx2g1654178973.png
Emre Belözoğlu,Emre Belozoglu,_Retired Soccer,Turkey,strThumb,https://r2.thesportsdb.com/images/media/player/thumb/vpvypy1424369933.jpg
Paolo Maldini,Paolo Maldini,_Retired Soccer,Italy,strCutout,https://r2.thesportsdb.com/images/media/player/cutout/9ccmbp1665653152.png
Steven Gerrard,Steven Gerrard,_Retired Soccer,England,strCutout,https://r2.thesportsdb.com/images/media/player/cutout/5fpodm1591461090.png
Wayne Rooney,Wayne Rooney,_Retired Soccer,England,strCutout,https://r2.thesportsdb.com/images/media/player/cutout/voz09s1609529985.png
Iker Casillas,Iker Casillas,_Retired Soccer,Spain,strCutout,https://r2.thesportsdb.com/images/media/player/cutout/zh95mc1541336479.png
Frank Lampard,Frank Lampard,Coventry,England,strCutout,https://r2.thesportsdb.com/images/media/player/cutout/07gc9d1586771288.png
Nihat Kahveci,Nihat Kahveci,_Retired Soccer,Turkey,strThumb,https://r2.thesportsdb.com/images/media/player/thumb/s4x94a1767354724.jpg
Roberto Baggio,Roberto Baggio,_Retired Soccer,Italy,strCutout,https://r2.thesportsdb.com/images/media/player/cutout/2acc4q1667224774.png
Cédric Carrasso,Cedric Carrasso,_Retired Soccer,France,strThumb,https://r2.thesportsdb.com/images/media/player/thumb/4h3k041735569561.jpg
Raul Meireles,Raul Meireles,_Retired Soccer,Portugal,strThumb,https://r2.thesportsdb.com/images/media/player/thumb/tghwl31586542685.jpg
Hakan Balta,Hakan Balta,_Retired Soccer,Turkey,strCutout,https://r2.thesportsdb.com/images/media/player/cutout/892147.png
Tolga Zengin,Tolga Zengin,_Retired Soccer,Turkey,strCutout,https://r2.thesportsdb.com/images/media/player/cutout/hh7g2y1672953069.png
Veli Kavlak,Veli Kavlak,_Retired Soccer,Austria,strCutout,https://r2.thesportsdb.com/images/media/player/cutout/5607392.png
Arjen Robben,Arjen Robben,_Retired Soccer,The Netherlands,strCutout,https://r2.thesportsdb.com/images/media/player/cutout/gr0fu31612705185.png
Ellen White,Ellen White,_Retired Soccer,England,strCutout,https://r2.thesportsdb.com/images/media/player/cutout/wdx1s41656841009.png
Fabián Ruiz,Fabián Ruiz,Paris SG,Spain,strCutout,https://r2.thesportsdb.com/images/media/player/cutout/wq4dxd1766335227.png
Julien Escudé,Julien Escude,_Retired Soccer,France,strThumb,https://r2.thesportsdb.com/images/media/player/thumb/evu8mx1517052416.jpg
Lucas Hernandez,Lucas Hernandez,Paris SG,France,strCutout,https://r2.thesportsdb.com/images/media/player/cutout/2ugny71766335261.png
Sergio Agüero,Sergio Agüero,_Retired Soccer,Argentina,strCutout,https://r2.thesportsdb.com/images/media/player/cutout/154cn11557827597.png
Steph Houghton,Steph Houghton,_Retired Soccer,England,strCutout,https://r2.thesportsdb.com/images/media/player/cutout/66wh0e1702576181.png
Thiago Alcântara,Thiago Alcantara,_Retired Soccer,Spain,strCutout,https://r2.thesportsdb.com/images/media/player/cutout/1l4cb21693941100.png
Uğur Boral,Ugur Boral,_Retired Soccer,Turkey,strCutout,https://r2.thesportsdb.com/images/media/player/cutout/465442.png
Adrián Bernabé,Adrián Bernabé,Parma Calcio 1913,Spain,strCutout,https://r2.thesportsdb.com/images/media/player/cutout/1ybrf41759779724.png
Gerard Piqué,Gerard Pique,_Retired Soccer,Spain,strCutout,https://r2.thesportsdb.com/images/media/player/cutout/1a5w421657472136.png
Ibrahim Mbaye,Ibrahim Mbaye,Aston Villa,Senegal,strCutout,https://www.thesportsdb.com/images/media/player/cutout/2nudp41788605058.png
Jeremy Monga,Jeremy Monga,Swansea City,England,strCutout,https://r2.thesportsdb.com/images/media/player/cutout/6sdxxj1761861667.png
Lucas Beraldo,Lucas Beraldo,Paris SG,Brazil,strCutout,https://r2.thesportsdb.com/images/media/player/cutout/v6nvhs1766334559.png
Cláudio Taffarel,Cláudio Taffarel,_Retired Soccer,Brazil,strThumb,https://r2.thesportsdb.com/images/media/player/thumb/qg37ba1614028083.jpg
Ertuğrul Sağlam,Ertuğrul Sağlam,_Retired Soccer,Turkey,strThumb,https://r2.thesportsdb.com/images/media/player/thumb/pomsya1722959298.jpg
Gheorghe Hagi,Gheorghe Hagi,Viitorul Constanța,Romania,strCutout,https://r2.thesportsdb.com/images/media/player/cutout/hyiuyb1595954411.png
Alex Manninger,Alex Manninger,_Deceased Soccer,Austria,strCutout,https://r2.thesportsdb.com/images/media/player/cutout/2g80co1694858946.png
Raimond Aumann,Raimond Aumann,_Retired Soccer,Germany,strThumb,https://r2.thesportsdb.com/images/media/player/thumb/3i8y411705820635.jpg
Luis Henrique,Luís Henrique,Feirense,Brazil,1998,strThumb,https://r2.thesportsdb.com/images/media/player/thumb/nazanp1527521197.jpg
Chris Beech,Chris Beech,_Free Agent Soccer,United Kingdom,1974,strThumb,https://r2.thesportsdb.com/images/media/player/thumb/qbfsvd1593875230.jpg
Chris Taylor,Chris Taylor,_Free Agent Soccer,England,1986,strCutout,https://r2.thesportsdb.com/images/media/player/cutout/30018287.png
Jeremi Kimmakon,Jeremi Kimmakon,_Free Agent Soccer,France,1994,strThumb,https://r2.thesportsdb.com/images/media/player/thumb/4y3ni71515932564.jpg
Miguel Ángel Morro,Miguel Ángel Morro,Leixões,Spain,2000,strCutout,https://r2.thesportsdb.com/images/media/player/cutout/1497141679055378.png
Alassane N'Diaye,Alassane N'Diaye,Ajaccio,France,1991,strCutout,https://r2.thesportsdb.com/images/media/player/cutout/6e61901680807482.png
Emmanuel Culio,Emmanuel Culio,_Retired Soccer,Argentina,1984,strCutout,https://r2.thesportsdb.com/images/media/player/cutout/961768.png
Mikael Ndjoli,Mikael Ndjoli,Hartlepool,England,1998,strCutout,https://r2.thesportsdb.com/images/media/player/cutout/jpb7131609589600.png
Boubacar Traorè,Boubacar Traoré,Metz,Mali,2001,strCutout,https://r2.thesportsdb.com/images/media/player/cutout/0mqxv31766164224.png
Hernani,Hernâni,Al Wahda,Portugal,1991,strCutout,https://r2.thesportsdb.com/images/media/player/cutout/8e1gca1604866709.png
Kevin García,Kevin Garcia,_Retired Soccer,United States,1990,strThumb,https://r2.thesportsdb.com/images/media/player/thumb/tetmrk1548188531.jpg
Lee Collins,Lee Collins,_Deceased Soccer,England,1988,strCutout,https://r2.thesportsdb.com/images/media/player/cutout/mn078i1642668878.png
Mark Hughes,Mark Hughes,_Retired Soccer,England,1986,strCutout,https://r2.thesportsdb.com/images/media/player/cutout/5003741.png
Sékou Baradji,Sekou Baradji,Istres,France,1984,strThumb,https://r2.thesportsdb.com/images/media/player/thumb/fcs5he1549622927.jpg
David Jones,David Jones,_Free Agent Soccer,England,1984,strCutout,https://r2.thesportsdb.com/images/media/player/cutout/5107573.png
David Jones,David Jones,_Free Agent Soccer,England,1984,strCutout,https://r2.thesportsdb.com/images/media/player/cutout/5107573.png
David Jones,David Jones,_Free Agent Soccer,England,1984,strCutout,https://r2.thesportsdb.com/images/media/player/cutout/5107573.png
Jimmy Smith,Jimmy Smith,_Retired Soccer,England,1987,strCutout,https://r2.thesportsdb.com/images/media/player/cutout/5120075.png
